marque_onduleur;modele_onduleur
AXUN;(voir marque Diehl)
REFU;010K
REFU;017K
REFU;020K
soladin;1000
REFU;11k Tri
Growatt;1500TL
Samil Power;1500TL
WKS;1KVA 48V
Sunways;2.01
Growatt;2000TL
Solwex;20270 E
WKS;2KVA 24V
IMEON;3.6
Growatt;3000TL
SoFar Solar;3000TL - G3
WKS;3KVA 24V
WKS;3KVA 48V
Growatt;4400TL
Growatt;5000TL
Courtois;5500W
WKS;5KVA
Grid Tie Inverter;600
ACE;ACE 1001
ACE;ACE 2501
ACE;ACE 3001
Ainelec;Ainel K3
Alpha;Alpha Solaris 3500
Riello;Aros EVO 3000
Sunways;AT 2700
Sunways;AT 4500
Sunways;AT 5000
Sunways;AT3000
Aunilec;Auni 1500
Aunilec;Auni 3000
Aunilec;AUNI2000
Aunilec;AUNI4000
Power-One;Aurora PVI-10.0
Power-One;Aurora PVI-12.5
Power-One;Aurora PVI-2,5
Power-One;Aurora PVI-2000
Power-One;Aurora PVI-2000-OUTD
Power-One;Aurora PVI-3,8
Power-One;Aurora PVI-3.0
Power-One;Aurora PVI-3.0-OUTD
Power-One;Aurora PVI-3.1
Power-One;Aurora PVI-3.6
Power-One;Aurora PVI-3.6-OUTD
Power-One;Aurora PVI-3000-I-OUTD-US
Power-One;Aurora PVI-3600
Power-One;Aurora PVI-3600-OUTD
Power-One;Aurora PVI-4.2
Power-One;Aurora PVI-4.2-OUTD
Power-One;Aurora PVI-4.6
Power-One;Aurora PVI-5000-OUTD
Power-One;Aurora PVI-6000-OUTD
Power-One;Aurora PVI-8.0-TL
Voltronic Power;Axpert MKS 5K
CLIPSOL;BDM-250
BEON ENERGY;BeON eco
KACO;Blue Planet 1501 xi
KACO;Blue Planet 2501 xi
KACO;Blue Planet 2502 xi
KACO;blueplanet 9.0 TL3 M2
BP Solar / Trace;BP-12
BP Solar / Trace;BP-18
Bahrmann;BVR 5000
Connect Energy;CE 4000
Solarmax;Choisir la marque SPUTNIK
ATERSA;CICLQ-3000
ATERSA;CICLQ-6000
Schneider electric;Conext RL 3000 E
Schneider electric;Conext RL 3000 E-S
Schneider electric;Conext RL 4000 E
Schneider electric;Conext RL 5000 E
Schneider electric;Conext RL 5000 E-S
Schneider electric;Conext TL10000
Schneider electric;Conext TL8000
Tenesol;Connectis EI 1900
Tenesol;Connectis EI 2200
Tenesol;Connectis EI 2500
Tenesol;Connectis EI 3300
Tenesol;Connectis EI 5000
Tenesol;Connectis TE 2000
Solar-Fabrik;Convert 10T
Solar-Fabrik;Convert 2000
Solar-Fabrik;Convert 3T / 3000
Solar-Fabrik;Convert 4T
Solar-Fabrik;Convert 6T
DURALUX;DS 2800 TL
APS - APSystems;DS3
APS - APSystems;DS3-L
Invertomatic;ECOPOWER  60
Victron;ECOVERTER 1000
Tenesol;Energrid 1900
Tenesol;Energrid EG 2500
Tenesol;ENERGRID INVERTER 1900,
Tenesol;ENERGRID INVERTER 2200
Tenesol;ENERGRID INVERTER 2500
Tenesol;ENERGRID INVERTER 3300
Energetica;ENP 10
EFFEKTA;ES1000
EnerSolis;ES2200
EFFEKTA;ES2200
EFFEKTA;es3300
EFFEKTA;ES4200
EFFEKTA;ES5000
EVERSOL;Eversolar TLC17K
Philips;EVO 1500 - Master
Philips;EVO 300
Envertech;EVT560
Envertech;EVT720
FAGOR;FSI - 2.5
Delta Energy;Gridfit 1900
Tenesol;Gridfit 1900
Total Energie;GridFit 1900
Total Energie;GridFit 2200
Tenesol;Gridfit 2200
Total Energie;GridFit 2500
Tenesol;Gridfit 2500
Exendis;Gridfit 2500
Tenesol;Gridfit 3300
Xantrex;GT 100E
Opti-Solar;GT 1500
Opti-Solar;GT 3000
Xantrex;GT 500E
I-Energy;GT-260 
Outback Power System;GVFX 3648
Goodwe;GW6000D-NS
DELTA Electronics;H3A_220
Riello;Helios Power HP 1500
Riello;Helios Power HP 2000
Riello;Helios Power HP 2800
Hoymiles;HM 1500
Hoymiles;HM 800
SUNSYS;HOME 2254
SUNSYS;HOME 3954
AERO SHARP;HR-X01-028
AERO SHARP;HR-X01-030
Huayu New Energy Technologies;HY-600-Plus
Huayu New Energy Technologies;HY-800-Plus
SoFar Solar;HYD 5000-ES - SOFAR
IBC Solar AG;IBC ServeMaster 10000TL
ibc solar;IBC ServeMaster 2750HV
IBC Solar AG;IBC ServeMaster 3300
Fronius;IG 15
Fronius;IG 20
Fronius;IG 2000
Fronius;IG 2500
Fronius;IG 30
Fronius;IG 30 TL
Fronius;IG 300
Fronius;IG 3000
Fronius;IG 40
Fronius;IG 40 4100W
Fronius;IG 4000
Fronius;IG 60
Fronius;IG 60 HV
Fronius;IG Plus 100
Fronius;IG Plus 12
Fronius;IG Plus 120
Fronius;IG Plus 150
Fronius;IG Plus 35
Fronius;IG Plus 4
Fronius;IG Plus 50
Fronius;IG Plus 60
Fronius;IG Plus 70
Fronius;IG Plus 8
Fronius;IG Plus V3.0.1
Fronius;IG TL 3.0
Fronius;IG TL 4.0
Fronius;IG TL 5.0  
Imeon Energy;Imeon 3.6
IMEON;IMEON hybride 9/12kW
Ingeteam;Ingecon Sun 10
Ingeteam;Ingecon Sun 2.5 TL
Ingeteam;Ingecon Sun 20
Ingeteam;Ingecon Sun 25
Ingeteam;Ingecon Sun 3.3
Ingeteam;Ingecon Sun 3.3 TL
Ingeteam;Ingecon Sun 5 TL
Ingeteam;Ingecon Sun 60
Ingeteam;ingecon Sun Lite  3TL
Aeconversion;INV 315-50
Aeconversion;INV 350-90
CONERGY;IPG 100K
CONERGY;IPG 11 T
CONERGY;IPG 110K
CONERGY;IPG 280K
CONERGY;IPG 3 S DCD
CONERGY;IPG 5 S DCD
CONERGY;IPG 60K
CONERGY;IPG2000
CONERGY;IPG3000
Enphase Energy;IQ 7
Enphase Energy;IQ 7+
Enphase Energy;IQ 7A
Enphase Energy;IQ 7X
Eaton Corporation;ISG1I-1500/1
Eaton Corporation;ISG1I-2000/1
Eaton Corporation;ISG1I-2800/1
Eaton Corporation;ISG1I-4000/1
Eaton Corporation;ISG1L 3300/1
Eaton Corporation;ISG3O-4600/1
Carlo Gavazzi;ISMG145
SHARP;JH 100 KAI
Kyocera;KC 1.8 i
Kyocera;KC 3.6 i
KaiDeng Energy;KD-GTI500W
Omron;KP 40F
EFFEKTA;KS3000ST
EFFEKTA;KS-5000DT
Sunways;M X R 3600 E
Enphase Energy;M210-84-208
Enphase Energy;M210-84-240
Enphase Energy;M215-60-230-S22
Enphase Energy;M215-60-2LL
Enphase Energy;M250
Involar;MAC250
Hoymiles;MI 1200
Hoymiles;MI 250
Hoymiles;MI 500
Hoymiles;MI 600
HOYMILES;MI-350
Growatt;MIN 3000TL-Xe
Omnik;mini 1kWc TL2-M
Solax;Mini X1 1.5 1500 WATTS
Solax;Mini X1 2.0
Solax;Mini X1-100
Bourgeoisglobal;MOBg-500-600-EU
ibc solar;Monosol 225 ET
MPP SOLAR;MPI 1500
MPP SOLAR;MPI 3000
Victron;MULTIPLUS 5000 48V
Outback Power System;MX60
Solon AG;NEG 1600+
UFE;NEG 4
Sunways;NT 2600
Sunways;NT 3000
Sunways;NT 4000
Sunways;NT 5000
Sunways;NT 6000
Omnik;Omniksol-3k-TL
Omnik;Omniksol-4k-TL
Omnik;Omniksol-5k-TL
SunPower;P19 / 325W
INFOSEC;P2 Sunrise 2000
INFOSEC;P2 Sunrise 3000
SolarEdge;P330
Oelmaier;PAC 1-2
Oelmaier;PAC 1-4
Pas_dans_la_liste_onduleur;Pas_dans_la_liste_onduleur
Kostal;Pico 2.0 MP
Kostal;Pico 3.0 MP
Kostal;Pico 3.6 MP
Kostal;Pico 4.2 MP
Kostal;PIKO 10.1
Kostal;Piko 3.0
Kostal;Piko 3.6
Kostal;Piko 4.2
Kostal;Piko 5.5
Kostal;Piko 6000
Kostal;Piko 7.0
Kostal;Piko 8.3
MPP SOLAR;PIP 4048 MS
Diehl AKO;Platinum 2100S
Diehl AKO;Platinum 22000 TL
Diehl AKO;Platinum 2800S
Diehl AKO;Platinum 3100S
Diehl AKO;Platinum 3800S
Diehl AKO;Platinum 4300S
Diehl AKO;Platinum 4300TL
Diehl AKO;Platinum 4301S
Diehl AKO;Platinum 4600S
Diehl AKO;Platinum 4601S
Diehl AKO;Platinum 4800TL
Diehl AKO;Platinum 5500 R3
Diehl AKO;Platinum 6300TL
Diehl AKO;Platinum 7200TL
KACO;Powador 10.0 TL3
KACO;Powador 12.0 TL3
KACO;Powador 14.0 TL3
KACO;Powador 1501 xi
KACO;Powador 2500 xi
KACO;Powador 25000 xi
KACO;Powador 2501 xi
KACO;Powador 30000 xi
KACO;Powador 3000xi
KACO;Powador 3002
KACO;Powador 33000 xi
KACO;Powador 3500 xi
KACO;Powador 3501 xi
KACO;Powador 4000 xi
KACO;Powador 4202
KACO;Powador 5000 xi
KACO;Powador 60.0 TL
KACO;Powador 6002
KACO;Powador 7200 supreme
KACO;Powador 7200xi
KACO;Powador 9.0 TL3
AURORA;POWER ONE 3000
Satcon;PowerGate AE-100-50-
Nedap Energy;PR30S
Fronius;Primo 3.0-1
Fronius;Primo 3.5-1
Fronius;Primo 3.6-1
Fronius;Primo 4.0-1
Fronius;Primo 4.6-1
Fronius;Primo 5.0
Fronius;Primo 5.0-1
Fronius;Primo 6.0-1
Fronius;Primo 8.2-1
Projoy Electric;Prosol M300
Projoy Electric;Prosol M600
AEG;Protect PV 280
AEG;Protect-PV 100
AEG;Protect-PV 250
AEG;Protect-PV 2800
AEG;Protect-PV 30
Centrolar;PS 10.1
Solarstocc;PS 1200-MV
Aixcon;PS 1300
Aixcon;PS 1700
Solarstocc;PS 2000-HV
Solarstocc;PS 2000i-MV
Solarstocc;PS 2000-MV
Aixcon;PS 2500
Centrolar;PS 3.0
Ubbink;PS 300
Solarstocc;PS 3000-HV
Solarstocc;PS 3000i-HV
Solarstocc;PS 3000i-MV
Solarstocc;PS 3000-MV
Solarstocc;PS 4000-MV
Solarstocc;PS 5000-HV
POWERSTOC;PS1200
POWERSTOC;PS2000
POWERSTOC;PS3000
POWERSTOC;PS6000
Aixcon;PT 5000
Phoenixtec;PV 10000
Latronic;PV Edge
KACO;PVI 2500 i
KACO;PVI 2600-2.6
Thomson;PVI3000TL
ABB;PVI-5000-TL-OUTD
ABB;PVI-6000-TL-OUTD
General Electric;PVIN02KS (2kW)
General Electric;PVIN03KS (3kW)
LTI;PVM 450-100
LTI;PVM 450-33
Motech;PVMate 3300 MS
Mitsubishi;PV-PN04D
Mitsubishi;PV-PNS03ATL
Mitsubishi;PV-PNS03ATL-FR
Mitsubishi;PV-PNS04ATL
Mitsubishi;PV-PNS06ATL
Mitsubishi;PV-PS02E
SunPower;PVUP 1500
SunPower;PVUP 3000
SMA;PV-WR 1500
SMA;PV-WR 1800
Photowatt;PWI-5-20-I
Photowatt;PWI-5-20-O
Photowatt;PWI-5-40-I
Photowatt;PWI-5-60-I
Photowatt;PWI-5-60-O
Photowatt;PWI-6-20-I
Photowatt;PWI-6-30-I
Photowatt;PWI-6-40-I
Photowatt;PWI-6-60-I
Photowatt;PWI-6-60-O
APS - APSystems;QS1
Delta Energy;RPI H3
Delta Energy;RPI M8A
Solon AG;Satis 30/750
ASP;Satis gr40/750
Solaire Direct;SD3000 (200Wc)
EVERLIGHT;SDS 3000
EVERLIGHT;SDS 7500
Siliken;SE 3.8i
SolarEdge;SE10k
SolarEdge;SE12.5k
SolarEdge;SE15k
SolarEdge;SE16k
SolarEdge;SE17k
SolarEdge;SE2000H
SolarEdge;SE2200 HD
SolarEdge;SE2200H
SolarEdge;SE25k
SolarEdge;SE3000
SolarEdge;SE3000H
SolarEdge;SE30k
SolarEdge;SE3300
SolarEdge;SE3500H
SolarEdge;SE4000
SolarEdge;SE4000H
SolarEdge;SE5000
SolarEdge;SE5000H
SolarEdge;SE6000
SolarEdge;SE6000H
SolarEdge;SE7k
SolarEdge;SE8k
SolarEdge;SE9k
NETek;SG 1400
Power Solutions;SGI-10-110
Schuco;SGI-1500 T
Schuco;SGI-2000
Schuco;SGI-2500
Schuco;SGI-3000
Power Solutions;SGI-30-260-3
Schuco;SGI-3500
Schuco;SGI-3500 T
Schuco;SGI-4000
Delta Energy;SI 2500
Photoelectric;SI 3000
Delta Energy;SI 3300
solar;si 3300
EAI;SI3-05-G
Siemens;Sinvert Solar 100
Siemens;Sinvert Solar 1020 M
Siemens;Sinvert Solar 20
Siemens;Sinvert Solar 200
Siemens;Sinvert Solar 60
Aros;SIRIO EVO 3000
Siemens;Sitop Solar 1500 Mas
Siemens;Sitop Solar 1500 Sla
Siemens;Sitop Solar 2000 Mas
Siemens;Sitop Solar 2300 Mas
Siemens;Sitop Solar 2300 Sla
Siemens;Sitop Solar 3000
Siemens;Sitop Solar T1500
Cotek;SK3000
Solar Konzept;SKN 1010
Solaxpower;SK-SU3000E
Solaxpower;SK-SU3700E
Solaxpower;SK-SU5000E
Powercom;SLK-1500
Powercom;SLK-3000
Powercom;SLK-4000
Beacon;Smart Power M4 Plus
Beacon;Smart Power M5
Enecsys;SMI-S240W-60
Enecsys;SMI-S480W-60
Mastervolt;Soladin 120
Mastervolt;Soladin 600
VOLTEA;SOLAR 3KW
PCM;Solar King SLK 3000
Sputnik;SOLARMAX 10
Sputnik;SOLARMAX 100
Sputnik;SOLARMAX 100C
Sputnik;SOLARMAX 125
Sputnik;SOLARMAX 15MT2
Sputnik;SOLARMAX 20
Sputnik;SOLARMAX 2000C
Sputnik;SOLARMAX 2000P
Sputnik;SOLARMAX 2000S
Sputnik;SOLARMAX 20C
Sputnik;SOLARMAX 25C
Sputnik;SOLARMAX 30
Sputnik;SOLARMAX 3000C
Sputnik;SOLARMAX 3000E
Sputnik;SOLARMAX 3000P
Sputnik;SOLARMAX 3000S
Sputnik;SOLARMAX 300C
Sputnik;SOLARMAX 30C
Sputnik;SOLARMAX 35C
Sputnik;SOLARMAX 35S
Sputnik;SOLARMAX 400
Sputnik;SOLARMAX 4000C
Sputnik;SOLARMAX 4200C
Sputnik;SOLARMAX 4200S
Sputnik;SOLARMAX 4600P
Sputnik;SOLARMAX 5000P
Sputnik;SOLARMAX 5000S
Sputnik;SOLARMAX 50C
Sputnik;SOLARMAX 6000C
Sputnik;SOLARMAX 6000E
Sputnik;SOLARMAX 6000S
Sputnik;SOLARMAX 80C
Sputnik;SOLARMAX S
Sputnik;SOLARMAX SM3000S
Samil Power;SolarRiver 3000TL
Samil Power;SolarRiver 5000TL
Wurth Solergy;SolarStar 1500
Wurth Solar;SolarSTAR A2000
Wurth Solar;SolarSTAR A3000
Wurth Solar;SolarSTAR A4200
Siac-Soleil;SOLEIL 3000
GINLONG;Solis-3K-2G
GINLONG;Solis-4K-2G
GINLONG;Solis-6K-5G
Delta Energy;Solivia 2.5
Delta Energy;SOLIVIA 20 TL
Delta Energy;SOLIVIA 3.0
Delta Energy;SOLIVIA 3.3
Delta Energy;SOLIVIA 5.0
Solutronic;SolPlus 25
Solutronic;SolPlus 35
SunPower;SP 100 000
SunPower;SP 1700-400
SunPower;SP 2500-450
SunPower;SP 2500-600
SunPower;SP 3000/E-48
SunPower;SP 3100-600
SunPower;SP 3400-600
SunPower;SP 5000/E-120
SolarWorld;SPI 1500 HV indoor
SolarWorld;SPI 1500 MV indoor
SolarWorld;SPI 1500 MV outdoor
SolarWorld;SPI 3000 HV indoor
SolarWorld;SPI 3000 MV indoor
SunPower;SPR-2500M
SunPower;SPR-3000TL1
SunPower;SPR-3300F
SunPower;SPR-3501F
SunPower;SPR-3800M
SunPower;SPR-4000F
SunPower;SPR-4600
SunPower;SPR-4600M-BE
Sanyo;SSI-TL27AE1
Sanyo;SSI-TL40A2
Sunny Swiss;SSP 1500
Sunny Swiss;SSP 2000
Sunny Swiss;SSP 3000
Sunny Swiss;SSP 6000
PV Powered;StarInverter PVP 110
Steca;StecaGrid 1500 Slave
Steca;StecaGrid 1600 Master
Steca;StecaGrid 2000 Master
Steca;StecaGrid 2000 Slave
Steca;StecaGrid 300
Steca;StecaGrid 3000
Steca;StecaGrid 500
Suntechnics;STW 1400
Suntechnics;STW 2000 CV
Suntechnics;STW 3400 CV
Suntechnics;STZ 100
SUNGROW;Sun Access SG 30K3
SUNGROW;Sun Access SG 3KTL
SUNGROW;Sun Access SG 4KTL
SUNGROW;Sun Access SG 50K3
HUAWEI;Sun2000-2KTL
HUAWEI;Sun2000-30KTL
HUAWEI;Sun2000-33KTL
HUAWEI;Sun2000-40KTL
Sunset;Sun3Grid 4000
Schneider electric;SunEzy 2000
Schneider electric;SunEzy 2800
Schneider electric;SunEzy 3000
Schneider electric;SunEzy 4000
Schneider electric;SunEzy 400E
Schneider electric;SunEzy 600E
SOCOMEC;SUN-HO2K2TR54
SOCOMEC;SUN-HO3K9TR54
Mastervolt;Sunmaster 1500-100
Mastervolt;Sunmaster 1500-150
Mastervolt;Sunmaster 2500-125
Mastervolt;Sunmaster 2500-150
Mastervolt;Sunmaster CS20TL
Mastervolt;SunMaster QS 2000
Mastervolt;SunMaster QS 3200
Mastervolt;SunMaster QS 3200 Ma
Mastervolt;SunMaster QS 3500
Mastervolt;SunMaster QS 3500 Ma
Mastervolt;SunMaster QS 5000
Mastervolt;SunMaster XL15
Mastervolt;sunmaster xs 3200
Mastervolt;SunMaster XS 6500
Mastervolt;SunMaster XS2000
Mastervolt;SunMaster XS3200
Mastervolt;SunMaster XS4300
SMA;Sunny Boy 1.5
SMA;Sunny Boy 1100
SMA;Sunny Boy 1100 (
SMA;Sunny Boy 1100E
SMA;Sunny Boy 1100LV
SMA;Sunny Boy 1200
SMA;Sunny Boy 1500
SMA;Sunny Boy 1600
SMA;Sunny Boy 1700
SMA;Sunny Boy 1700E
SMA;Sunny Boy 2.5
SMA;Sunny Boy 2000
SMA;Sunny Boy 2000HF
SMA;Sunny Boy 2100TL
SMA;Sunny Boy 2500
SMA;Sunny Boy 2500HF
SMA;Sunny Boy 2800
SMA;Sunny Boy 2800i
SMA;Sunny Boy 3.0
SMA;Sunny Boy 3.6
SMA;Sunny Boy 3000
SMA;Sunny Boy 3000HF
SMA;Sunny Boy 3000TL
SMA;Sunny Boy 3000TLST-21
SMA;Sunny Boy 3300
SMA;Sunny Boy 3300 TL
SMA;Sunny Boy 3600TL
SMA;Sunny Boy 3800
SMA;Sunny Boy 4.0
SMA;Sunny Boy 4000
SMA;Sunny Boy 4000 TL
SMA;Sunny Boy 4200 TL
SMA;Sunny Boy 5.0
SMA;Sunny Boy 5000
SMA;Sunny Boy 5000 TL
SMA;Sunny Boy 6000
SMA;Sunny Boy 700
SMA;Sunny Boy 700 Hi
SMA;Sunny Boy 7000
SMA;Sunny Boy 850
SMA;Sunny Boy SB 3300TL HC
SMA;Sunny Central 150KVA
SMA;Sunny Central 500 KVA
SMA;Sunny Central 60 KVA
SMA;Sunny Mini Central
SMA;Sunny Mini Central 10000
SMA;Sunny Mini Central 11000TL
SMA;Sunny Mini Central 4600A
SMA;Sunny Mini Central 5
SMA;Sunny Mini Central 5000A
SMA;Sunny Mini Central 5000TL
SMA;Sunny Mini Central 6
SMA;Sunny Mini Central 6000A
SMA;Sunny Mini Central 6000TL
SMA;Sunny Mini Central 7
SMA;Sunny Mini Central 7000HV
SMA;Sunny Mini Central 7000TL
SMA;Sunny Mini Central 8
SMA;Sunny Mini Central 8000TL
SMA;Sunny Mini Central 9000TL
SMA;Sunny Tripower (STP) 10000
SMA;Sunny Tripower (STP) 12000
SMA;Sunny Tripower (STP) 15000
SMA;Sunny Tripower (STP) 17000
SMA;Sunny tripower 10000TL
SMA;Sunny tripower 12000TL
SMA;Sunny tripower 15000TL
SMA;Sunny tripower 17000TL
SMA;Sunny tripower STP 5000TL20
SMA;Sunny tripower STP 6000TL20
SMA;Sunny tripower STP 7000TL20
SMA;Sunny Tripower STP 8000TL-10
SMA;Sunny Tripower STP 8000TL-20
SMA;Sunny Tripower STP 9000TL
SMA;Sunny Tripower STP 9000TL-20
Sunset;SUNString 3000
Sunset;SUNString 4000
Sunset;SUNString 5000
SOCOMEC;SUNSYS H50
SOCOMEC;SUNSYS home 3000
SOCOMEC;SUNSYS home 3954
bejing kinglong;sunteams 2800
Kinglong;Sunteams 3000
bejing kinglong;Sunteams 4000
saj-electric;Sununo-TL3KA
Santerno;SUNWAY M PLUS 1300
Santerno;SUNWAY M PLUS 3600
Suntension;SV 4000x
GE Energy;SVT 2000
GE Energy;SVT 3000
Trace;SW3048EPV
Fronius;Symo 3.0-3-M
Fronius;Symo 3.0-3-S
Fronius;Symo 8.2-3
S2S;SYRUIS SSIMM03300
Talesun;Talesol-M600
Danfoss;TLX 10k
Danfoss;TLX 12.5k
Danfoss;TLX 15k
ASP;TOP CLASS 1500
ASP;Top Class Spark
ABB;Trio -10.0-TL
ABB;Trio -12.5-TL
Power-One;Trio-27.6-TL
Power-One;Trio-5.8-TL-OUTD
Power-One;Trio-7.5-TL-OUTD
Power-One;Trio-8.5-TL-OUTD
Power-One;Trio-8.5-TL-OUTD-S
TRITEC;TRI-Xi Outdoor 1.8
TRITEC;TRI-Xi Outdoor 3.6
Danfoss;UNILYNX 1800
Danfoss;UNILYNX 3000
Danfoss;UNILYNX 3600
Danfoss;UNILYNX 5400
Power-One;Uno 2.0
ABB;UNO -2.0.I - OUTD
Power-One;Uno 2.5 OUTD
ABB;UNO-2.0-TL-OUTD
ABB;UNO-3.0-TL-OUTD
ABB;UNO-3.6-TL-OUTD
ABB;UNO-4.2-TL-OUTD
EPEVER;UP5000HM8042
Colas;WattWay
CONERGY;WR 1700
CONERGY;WR 2300
CONERGY;WR 3300
CONERGY;WR 4600
CONERGY;WR 5900
Solax;X1 AIR 3.0 S-D
Solaxpower;X1 Mini - 1KW
Solax;X1-3.0T
Solax;X1-3.3T
Solax;X1-3.6T
Solax;X1-5.0T
Solax;X1-6.0-Hybrid-G4
Studer;XTM 2600-48
APS - APSystems;YC1000-3
APS - APSystems;YC250A
APS - APSystems;YC500A
APS - APSystems;YC500I
APS - APSystems;YC600
Hangzhou Zhejiang;ZDNY3300