panneaux_marque;panneaux_modele
3A Energies;SST-165-72-M
3S;Facade modul
3S;Solar Gen. Megaslate (136wc)
3S;Facade modul 183W
833 Solar;8.240M
833 Solar;8.260M
833 Solar;8.250M
A Solar;JAM6-60-330 : 330W
Activasun;SRS170 24M
Advent;Solar 160
AEG;ASM-M606B / 300W
AEG;ASM-M606B / 280W
AEG;ASM-M606B / 375W
AEG;ASM-M606B / 285W
AIDE SOLAR;XZST-170/24V
AIDE SOLAR;XZST-180/24V
Aimex;Ganymed M-Serie M220
Aimex;Ganymed M-Serie M230
Akhter;Akhter 135
Akhter;Akhter 200
ALDEN;ALD-175
ALDEN;ALD-180
ALDEN;ALD-240
ALEO;aleo 150 L
ALEO;s_79 (245)  / 245W
ALEO;aleo s_18 (230)
ALEO;aleo s_77 / 185
ALEO;aleo s_17 / 200
ALEO;aleo s_77 / 195
ALEO;s_79 (250)  / 250W
ALEO;aleo s_17 / 185
ALEO;aleo S_17 (195) / 195W
ALEO;aleo s_16 / 185
ALEO;aleo s_18 (200)
ALEO;aleo s_77 / 190
ALEO;aleo S_19 (245) / 245W
ALEO;aleo s_16 / 190
ALEO;aleo S_19 (240) / 240W
ALEO;s_79 (280)  / 280W
ALEO;aleo s_17 (190) / 190W
ALEO;aleo 150 M
ALEO;s_79 (300) / 300W
ALEO;aleo S_19 HE (310) / 310W
ALEO;aleo S_19 HE (300) / 300W
ALEO;X59L320 / 320W
ALEO;aleo s_18 (250)
ALEO;aleo s_19 (290) / 290W
ALEO;s_79 (235)  / 235W
ALEO;aleo s_18 (245)
ALEO;aleo s_19 (285) / 285W
ALEO;aleo s_16 / 165
ALEO;aleo s_18 (225)
ALEO;aleo s_03 / 165
ALEO;aleo s_77 / 180
ALEO;s_79 (240)  / 240W
ALEO;aleo s_17 / 165
ALEO;aleo s_18 (220)
ALEO;aleo s_17 / 180
ALEO;aleo s_77 / 175
ALEO;aleo s_03 / 175
ALEO;aleo S_19 (220) / 220W
ALEO;aleo s_18 (210)
ALEO;aleo s_18 / 240W
ALEO;S_73 /170
ALEO;aleo s_16 / 180
ALEO;aleo s_02 / 165
ALEO;aleo s_18 (215)
ALEO;aleo s_16 / 175
ALEO;aleo s_17 / 175
ALEO;aleo s_03 / 155
ALEO;S_73 /165
ALEO;aleo 200-6-L
ALEO;aleo s_18 (195)
ALEO;aleo 150 XL
ALEO;aleo s_02 / 160
ALEO;aleo s_02 / 145
Alex Solar;ALM 185D 24
Alex Solar;ALM-180D-24
AlfaSolar;alfaSolar Pyramid 60 (229 Wc)
AlfaSolar;alfasolar 250 P
AlfaSolar;alfasolar 100 EFG
AlfaSolar;alfasolar 170 P/175
AlfaSolar;alfasolar 210 MQ 6L
AlfaSolar;Pyramid 54 (210 wc)
AlfaSolar;Pyramid 54 (195wc)
AlfaSolar;alfasolar 180 PQ 6LA (210)
AlfaSolar;alfaSolar Pyramid 60 (244 Wc)
AlfaSolar;alfasolar 180 PQ 6LA (200)
AlfaSolar;alfasolar 180 PQ 6LA (195)
AlfaSolar;alfaSolar Pyramid 60 (222 Wc)
AlfaSolar;AlfaSolar Pyramid 80 (326 Wc)
AlfaSolar;alfasolar 220 M6
AlfaSolar;Pyramid 54 (200wc)
AlfaSolar;alfasolar 180 PQ 6L
AlfaSolar;Pyramid 54 (215wc)
AlfaSolar;AlfaSolar Pyramid 80 (296 Wc)
AlfaSolar;alfasolar 180 PQ 6LA (215)
AlfaSolar;alfaSolar Pyramid 60 (241 Wc)
AlfaSolar;alfaSolar Pyramid 60 (233 Wc)
Algatec Solar;ASM 250
Algatec Solar;ASM 185 / 185W
ALKASOL;alka MFE 175
ALKASOL;alka MFE 185
ALKASOL;alka MFE 180
ALKASOL;alka MFE 185-E
Alliantz;AL 250
Alliantz;APV 195 PE
Alliantz;APV 205 PE / 300W
Alliantz;UP Black 180
Alliantz;AL 185 / 185W
Alliantz;APV 210 PE
Alliantz;APV 200 PE
Alliantz;APV 205 PE
Almasolar;270P / 270W
Almasolar;375P / 375W
ALTERNASOL;DJM 180
ALTERNASOL;DJM 200
ALTERNASOL;DJM 210
ALTERNASOL;DJM 185
Alwitra;Evalon V-Solar 408
Alwitra;Evalon V-Solar 204
Amerisolar;AS-6M27 (175 Wc)
Amerisolar;AS-6M27 (185 Wc)
Amerisolar;AS-5M (180 Wc)
Amerisolar;AS-6M30 Black / 320W
Amerisolar;AS-5M (185 Wc)
Amerisolar;AS-5M (250 Wc)
Amerisolar;AS-6M30 Black / 340W
Amerisolar;AS-6M30 Black / 300W
Amerisolar;AS-6P27 (190 Wc)
Amerisolar;AS-5M (175 Wc)
Amerisolar;AS-5M (160 Wc)
Amerisolar;AS-5M (165 Wc)
Amerisolar;AS-6M30 (240 Wc)
Amerisolar;AS-6P30 (240 Wc)
Amerisolar;AS-6M30 PERC 300Wc / 300W
Amerisolar;AS-6M30 Black / 310W
Amerisolar;AS-6P30 (220 Wc)
Amerisolar;AS-6M27 (205 Wc)
Amerisolar;AS-6P30 (210 Wc)
Amerisolar;AS-6P30 (200 Wc)
Amerisolar;AS-6M27 (180 Wc)
Amerisolar;AS-6M30 Black / 315W
Amerisolar;AS-6M30 Black / 280W
Amerisolar;AS-6P27 (175 Wc)
Amerisolar;AS-6M30 (210 Wc)
Amerisolar;AS-6M30 (230 Wc)
Ammini Solar;ASM-12070A
AMP Solar;AM140S
AMP Solar;AM120
Ansaldo;AP 35-D
Antaris Solar;AS M 190
Antaris Solar;AS M 180 AI
Antaris Solar;AS M 185
Antec-Solar;ATF-43
apinsolar;SP175
apinsolar;SP185
APRISUN;PV_TA_185
APRISUN;PV_TA_180
Aprisun;PV_EU_235
Aprisun;PV_TA_250
Aprisun;PV_EU_250
Arco / Siemens;M 55
ARCO SOLAR;M 75
ASE;ASE-300-DG-FT (300)
ASE;ASE-300-DG-FT (300 1
ASE;ASE-300-DG-FT (260)
ASE;PS94SM112
Asola;250W/60
Astronergy;CHSM 6610M (235 wc)
Astronergy;CHSM 6610M (215 wc)
Astronergy;AstroSemi Monocristallin 375 Wc CHSM60M-HC / 375
Astronergy;CHSM 6610M (240 wc)
AstroPower;AP-110
ATERSA;A-10
ATERSA;A-140 M
ATERSA;A-214
ATERSA;A-222 P
ATERSA;A-230 P
ATERSA;A-250M
ATERSA;A-245M
ATERSA;A-120
Atlantis Energie;Sunslates
AU O;GreenTriplex PM250M00
AU O;Sunvivo PM060M
AU O;Sunvivo PM060M /300
AUO AU Optronics Corporation;SunVivo PM060MB2 290 / 300W
AUO AU Optronics Corporation;SunVivo PM060MB2 290 / 290W
AUO AU Optronics Corporation;SunVivo PM060MW2 290 / 300W
Auversun;AV250
Auversun;AV214
Auversun;AV200
Auversun;AV230
Auversun;AV210
Auversun;AV190
Auversun;AV265
Auversun;AV215
Auversun;AV220
AVASOL;APV 185
AviraSolar;185CE
AviraSolar;JSM-250M / 250W
AXITEC;300M PREMUIM /300W
AXITEC;AC-210P/156-54S
AXITEC;AC-245M/156-60S 3BB
AXITEC;AC-250M/156-60S 3BB
AXITEC;AC-250P/156-60S
AXITEC;XL HC -370MH/120S
AXITEC;144 HalfCell / 410 W
AXITEC;AC-300M/156-60S / 300W
AXITEC;AC-325MH/60S / 325W
AXITEC;AC-375MH/120V / 375W
AXITEC;AC-212P/156-60S
AXITEC;AC-260 P
AXITEC;AC-125 P
AXITEC;AC-280M/156-60S / 280W
AXITEC;AC-290M/156-60S / 290W
AXITEC;AC-130P
AXITEC;AC-206P/156-60S
AXITEC;AC-320MH/60S / 320W
AXITEC;AC-310MH/60S / 310W
AXITEC;AC-210M/125-96S
AXITEC;AC-218P/156-60S
AXITEC;AC-200P/156-60S
AXITEC;AC-230P/156-60S
AXITEC;AC-200 P
AXITEC;AC-215P
AXUN;PREMIUM CS 185
Azur Solar;Azur M 245
Azur Solar;Azur M 165-3
Azur Solar;Azur M 175-3
Azur Solar;Azur M 180-3
Azur Solar;Azur M 185-3
Azur Solar;Azur P 170 U-3
Azur Solar;Azur P 225-3
Azur Solar;Azur P 165U-3
Azur Solar;Azur P 210-3
Azur Solar;Azur P 215-3
Azur Solar;Azur P 220-3
Azur Solar;Azur P 170-3
Azur Solar;Azur M 250
Azur Solar;Azur M 230-3
Azur Solar;Azur P 230-3
Baoding Yingli;40(17)P
Baoding Yingli;YL 220_60
Beem Energy;75 / 75W
BEIJING PROFLEX;PR 260
BELGASUN;ZFB250-60M-A / 250W
Benqsolar;PM245P00 / 255W
Benqsolar;PM245P00 / 250W
Benqsolar;PM318B00 / 325W
Benqsolar;PM250M00 /250W
Benqsolar;PM240P00 / 240W
Benqsolar;PM318B00 / 327W
Benqsolar;PM060 MW2-300 / 300W
Benqsolar;PM060PW1 / 265W
Benqsolar;SV-300BQ - SunVivo MONO / 300W
Benqsolar;PM245P00 / 260W
Benqsolar;PM096B00 / 327 Wc
Benqsolar;PM096B00 / 333 Wc
Benqsolar;PM096B00 / 325 Wc
Benqsolar;PM096B00 / 330 Wc
Benqsolar;PM096B00 / 320 Wc
Benqsolar;PM318B00 / 315W
Benqsolar;PM318B00 / 320W
BHEL;L24150
BIO ENERGY;BIO 185
Biohaus;Biosol 185 P 50/6+ I
Biohaus;Biosol 190 M 50/6+ I
Biohaus;Biosol 180 P 50/6+
Biohaus;Biosol 190 P 50/6+ I
Biohaus;Biosol 190 P
Biohaus;Biosol XXL 124
Biohaus;Biosol 180 P 50/6+ I
Biohaus;Biosol 185X
Biohaus;Biosol S-180 P inDac
Biohaus;Biosol 200M 50/6
Biohaus;I-160 inDach
Biohaus;Biosol XXL inDach
Biohaus;Biosol XXL 127
Biohaus;Biosol 125 M 60/5I
BIOSOL;180 P6+ Indach (170)
BIOSOL;180 P6+ Indach (180)
BIOSOL;180 P6+ Indach (190)
BiSol;BMO - 255 / 255W
BiSol;BMO - 215 -2/250 W
BiSol;BMU - 245/245W
BiSol;BMO - 285 / 285W
BiSol;BMO - 300 / 300W 
BiSol;Duplex 120 / 357W
BiSol;BMU - 265 /265W
Bisol;BMU 275
BiSol;BMO - 260 / 260W
BiSol;BMO - 280 / 280W
BiSol;BMU - 239 /239W
BiSol;BMO - 250 / 250W
BiSol;BMU - 260 / 260W
BiSol;BMU - 215-1/210W
BiSol;BMU - 215-1/218W
BiSol;BMU - 214 /214W
BiSol;BMO - 245 / 245
BLDSolar;BLD240-60M
BLDSolar;BLD300-72M
Bosch;c-Si M 60 (250wc) / 250W
Bosch;c-Si M 60 250
Bosch;c-Si M 60 (245wc)
Bosch;c-Si M 60 (240wc)
Bosch;c-Si M 48 195
Bosch;c-Si M 60 (255wc)
Bosch;c-Si M 60 (220wc)
Bosch;c-Si M 60 (235wc)
Bosch;c-Si M 60 (280wc)
Bosch;c-Si M 60 (230wc)
Bosch;c-Si M 60 (225wc)
Bourgeoisglobal;BGPV 300 BK
Bourgeoisglobal;BGPV 260
Bourgeoisglobal;BGPV 250
Bourgeoisglobal;BGPV 255
BP Solar;BP 3165S
BP Solar;BP 3160N
BP Solar;BP 2140S
BP Solar;BP 7180 S
BP Solar;BP 4 /  185W
BP Solar;BP 3170S
BP Solar;BP 5170
BP Solar;BP 380
BP Solar;BP495
BP Solar;BP 3155S
BP Solar;BP 3170N
BP Solar;BP585L Saturn
BP Solar;BP 3160S
BP Solar;BP 2150S
BP Solar;BP 4180T
BP Solar;BP 3160QS
BP Solar;BP 7185 S
BP Solar;BP 4 /  180W
BP Solar;BP 4 /  165W
BP Solar;BP 3115
BP Solar;BP 4170S
BP Solar;BP 4160S
BP Solar;BP 485 J
BP Solar;BP370
BP Solar;BP585F Saturn
BP Solar;BP 7195 S
BP Solar;BP 580F
Brisban Solar;BS-185
BYD;220P6-30
Caldeis;PV-FCD-185
Canadian Solar;CS5A-190M
Canadian Solar;CS6P-230W
Canadian Solar;CS5A-195M ((195 Wc)
Canadian Solar;CS5A-185M
Canadian Solar;CS6A-120 (185 Wc)
Canadian Solar;CS6P-250
Canadian Solar;CS4-150
Canadian Solar;CS5P-240M
Canadian Solar;CS5A-180M
Canadian Solar;CS4-160
Canadian Solar;CS6P-245
Canadian Solar;CS5A-170M
Canadian Solar;CS6A-120 (170 Wc)
Canadian Solar;CS4-40
Canadian Solar;CS6A-120 (150 Wc)
Canadian Solar;CS5A-175M
Canadian Solar;CS5P-220M
Canadian Solar;CS6A-120 (180 Wc)
Canadian Solar;CS5P-210M
Canadian Solar;CS5-165
Canadian Solar;CS5A-187,5
Canadian Solar;CS5P-230M
Canadian Solar;CS6-150
Canadian Solar;CS6P-210
Canadian Solar;CS5 A 180M DARK
Canadian Solar;CS6A-120 (175 Wc)
Canadian Solar;CS5P-200M
CAPTELIA;CAP-060D
CAPTELIA ;CAP-SXTEC-66P / 66W
CEEG;SST-165-72-M
CEEG;SST-150-72 M
CEEG;SST-185-72M
CEEG;SST-180-72-M
CEEG;SST-250-60-M
CEEG;SST-195-72M
CEEG;SST-240-60-M
CEEG;SST-230-60-M
CEEG;SST-150-72-P
centro solar;S 190M50 Integration
Centrosolar;S195P50 Integration Deluxe
Centrosolar;S210P50 S Class Integration
Centrosolar;S250P60 Professionnal
Centrosolar;S185M50 Integration Deluxe
Centrosolar;S250P60
Centrosolar;S195M50 Integration Deluxe
Centrosolar;S185P50 Integration Deluxe
Centrosolar;S200M50 Excellent
Centrosolar;S215M60 Professionnal
Centrosolar;S240P60 Professionnal
Centrosolar;S250P60 Vision balance
Centrosolar;S190M50 Integration Deluxe
Centrosolar;S195P50 Excellent
Centrosolar;S190P50 Integration
Centrosolar;S200P50 Luxe / 200W
Centrosolar;S185P50 Excellent
Centrosolar;S195P50 Integration
Centrosolar;S190P50 Integration Deluxe
Centrosolar;S190M50 Excellent
Centrosolar;S185P50 Integration
Centrosolar;S210M60 Professionnal
Centrosolar;S190P50 Excellent
Centrosolar;S200M50 Ultra
Centrosolar;S200P50 Excellent
Centrosolar;S195P50 Ultra
Centrosolar;S195M50 Excellent
Centrosolar;S240M60 Professionnal
Centrosolar;S195M50 Ultra
Centrosolar;S260P60 Vision balance
Centrosolar;S210P50 Integration / 210W
Centrosolar;S200P50 Ultra
Centrosolar;S255P60
Centrosolar;S190P50 Ultra
China solarland;SLP080-12
Chinaland Solar Energy;CHN250-60M
CLIPSOL;PV 250
CLIPSOL;Kit PV 50 Tedlar
CLIPSOL;PW175 (Trina Solar)
CLIPSOL;PV 185
CLIPSOL;PW165 (Trina Solar)
CLIPSOL;Kit PV 60 Tedlar
CLIPSOL;PW110 (Trina Solar)
CLIPSOL;Kit PV 55 bi-verre
CNBM Solar;Solar Panel 185W
CNPV;175M
CNPV;CNPV-300M
CNPV;185M
CNPV;250M
CNPV;195M
CNPV;190M
CNPV;245P
CNPV;245M
CNPV;225P
Colas;WattWay / 120W
CONERGY;Powerplus 210P
CONERGY;P170M
CONERGY;158 profiline
CONERGY;Powerplus 190M
CONERGY;Powerplus 214P
CONERGY;EcoPro 245P
CONERGY;PowerPlus 185MC
CONERGY;C 185 M
CONERGY;Powerplus 240P
CONERGY;105 L profiline
CONERGY;Asteria 175X
CONERGY;P175M
CONERGY;Powerplus 200P
CONERGY;A 165 P
CONERGY;Powerplus 180MC
CONERGY;160 Profiline
CONERGY;C 160 P
CONERGY;Powerplus 240M
CONERGY;E180P
CONERGY;Powerplus 200M
CONERGY;Powerplus 220M
CONERGY;E 175 P
CONERGY;Powerplus 210M
CONERGY;P180M
CONERGY;C 167 P
CONERGY;C 180 M
CONERGY;Powerplus 220P
CONERGY;Powerplus 255M / 255W
CONERGY;IPG3000
CONERGY;Powerplus 215P
CONERGY;IPG 3 S DCD
CONERGY;Q125PI
CONERGY;S190P
CONERGY;N 125 P
CONERGY;Powerplus 225P
CONERGY;Powerplus 230P
CONERGY;C 175 M
CONERGY;SF130
CONERGY;C 125 PL
CONERGY;WR 2300
CONERGY;C 123 P
CONERGY;C 162 P
CONERGY;E 220 P
Consolar;Voltus 255
CP SOLAR;cps185w
CP-Solar;CPS190W
Cristal Solar;CRISTAL SOLAR CS250 WC-95M
Cristal Solar;CS170WC-72M
CS WISMAR;PERC60 / 300W
CSG Solar AG;CSG 100
CSG Solar AG;CSG 185
CSG Solar AG;CSG 80
CSUN;250-60P
CSUN;240-60P
CSUN;300-60M
CSUN;315-60M / 315W
CSUN;250-60M
CSUN;275-60P / 275W
cuantum solar;SunPort 60M 240
Daqo New Energy;DQ240PSCa
DATATSP;PV-210W
DAXTEC;MSTD200
DAXTEC;SONY 200 WP
DAXTEC;SONY 190 WP
DAY4ENERGY;48MC-S (185 Wc)
DelSolar;D6M245B3A
DelSolar;D6P215A3E
DelSolar;D6M130B1A
DelSolar;D6M190B2A
DelSolar;D6P210A5E
DelSolar;D6P225A3A
DelSolar;D6P225A3E
DelSolar;D6P240A3A
Depasol;DEP 150 M
DMEGC;DM375M6-60HSW 365 / 375W
DMEGC;DM340G1-60HSW 330 / 330W
DMEGC;DM340G1-60HSW 340 / 340W
DOMOS Industries;DM 300 / 300W
DOMOS Industries;DM 250 / 250W
DREAMSOL;MPM165-a
DREAMSOL;MPM185-a
Droben;CG200 215 WP
DS Solar;DS5M180
DS Solar;DS5MB185 Black
DS Solar;DS5M250
DS Solar;DS5M185
DUALSUN;FLASH Black 430Wc / 430W
DUALSUN;60C Mono / 300W
DUALSUN;DS 375W
DUALSUN;Flash 405 Half-Cut white / 405W
DUALSUN;285 W
DUALSUN;Flash Half-Cut / 500W
DUALSUN;DS 250M
DUALSUN;310 W
DUOenergy;Biverre Bifacial 375 / 375W
ECO DELTA;ECO DELTA 9BB 60EHC / 375W
ECO DELTA;ECO DELTA 9BB 60EHC / 355W
ECO DELTA;ECO DELTA 395-415M-60SB / 410W
ECO DELTA;ECO DELTA 395-415M-60SB / 400W
ECO DELTA;ECO DELTA 9BB 60EHC / 370W
Ecostream;SF 160-24-M175
ECOWATT;Full black / 300W
ECSOLAR;ECS-195D
EDF;EDF ENR / 250W
Eging;EG-P60-C 250
EGing;EGM-165
EGing;EGM-185
EGing;EGM-175
EliFrance;EL60250 / 250W
Elite Solar;ESM270660 / 270W
Elite Solar;ESM250660 / 250W
Elsingor;Voir marque Latitude Solar
Elysun;300 wc
Elysun;155w
Elysun;180w
Elysun;250 wc
Elysun;285 wc
Emmvee solar;ES-200-M60(235)
Emmvee solar;ES-200-P60(200)_ND
Emmvee solar;ES-230 M60
Emmvee solar;ES-200-M60(210)_ND
Emmvee solar;ES-245 / 245
Emmvee solar;ES-200 P60(215)
Emmvee solar;ES-200-P60(200)
Energy Solutions;ES 120W
Energy Solutions;ES636 / QP125
Energy Solutions;ES660 / QP220
Energy Solutions;ES636 / QP135
Enertech;SE-160M
Enfinity;185M5
Enfinity;180M5
Enfinity;250M6 /250W
Enfinity;Enfinity-240M6
Enfinity;235M6BLK
Enfinity;Enfinity-190M5 / 190W
Enfinity;Enfinity-245M6 / 245W
EniTecnologie;EUS ML 16/135
ENR PRO;NG185
Ensol;185
Ensol;175
Ensol;180
Ensol;170
Ensol;160
Ensol;165W
Eoplly;125M/72-185 /185W
Eoplly;125M-185
ErSol;Ersol-190 C
ErSol;Blue Power Max 180
ESPY;ES200
ET Solar;ET-P648185
ET Solar;ET-M572185
ET Solar;ET-M572165
ET Solar;ET-P660250
ET Solar;ET-M572180
ET Solar;ET-P654200
ET Solar;ET-P660210
ET Solar;ET-M660250
ET Solar;ET-M572175
ET Solar;ET-M572195
ET Solar;ET-762240
ET Solar;ET-P660200
ET Solar;ET-P654180
ET Solar;ET-P654210
ET Solar;ET-762250
Eurener;PEPV 245
Eurener;MEPV 300 Turbo Black  / 300W
Eurener;MEPV 230 / 230W
Eurener;PEPV 250
Eurener;MEPV 210 / 210W
Eurener;GEPV 210
Eurener;GEPV 190
Eurener;MEPV 370 Wc HC / 370W
Eurener;MEPV 330 Turbo Black  / 330W
Eurener;MEPV 225 / 245W
Eurener;PEPV 210
Eurener;PEPV 214
Eurener;PEPV 230
Eurener;GEPV 200
Eurener;MEPV 220 / 220W
Eurener;GEPV 230
Europ-Solar;EuS185
Evergreen;EC-102
Evergreen;ES_180
Evergreen;ES_210
Evergreen;ES_195
Evergreen;ES_200
Evergreen;ES_190
Evergreen;ES_205
Exiom;EX-200
Exiom;EX-250
Exiom;EX-185
Exiom;EX-225
Exiom;EX-300
FATH Solar;FS 225 AP S2 plus
FATH Solar;FS 210 AP S2 plus
FATH Solar;FS 205 AP S2 plus
FATH Solar;FS 215 AP S2 plus
FATH Solar;FS 220 AP S2 plus
FIRE ENERGY;FE-240 / 240W
FIRE ENERGY;FE-185/72 / 185W
FIRE ENERGY;FE-250M / 250W
FIRE ENERGY;FE-185M/72 / 185W
FIRE ENERGY;FE-160/72 / 160W
FIRE ENERGY;FE-200M / 200W
FIRE ENERGY;FE-155/72 / 155W
First Hybrid Energy;FHE 244
First Hybrid Energy;FHE 234
First Hybrid Energy;FHE 250 BL
First Hybrid Energy;FHE 250
First solar;FS-245
First solar;FS-250
First solar;FS-270
First solar;4120A-3 / 120W
Fonroche / Pevafersa;FP-6M-250
Fonroche / Pevafersa;IP-220
Fonroche / Pevafersa;Poly lp 240
Fonroche / Pevafersa;IP220 (214)
Fonroche / Pevafersa;IP 250
Fonroche / Pevafersa;IP-240
Fonroche / Pevafersa;Poly lp 230
Fonroche / Pevafersa;Mono lp (160)
Fonroche / Pevafersa;IP-230
Fonroche / Pevafersa;FI 72-6P / 270
Fonroche / Pevafersa;IP-215
Fonroche / Pevafersa;Poly lp 210
Fonroche / Pevafersa;Mono lp (180)
Fonroche / Pevafersa;Poly lp 220
Fonroche / Pevafersa;IP-190
Fonroche / Pevafersa;IP-210
FotoTherm;FT225Cs
FotoTherm;FT250Cs
FoVo Handles;M 110 Mono
FRANCEWATTS;megaslate 150wc
FRANCEWATTS;megaslate (150 wc)
FRANCEWATTS;MBP PATTERN 5mm - RT5   150Wc
FRANCEWATTS;MBP FLOAT 6mm - RT6   195Wc
FRANCEWATTS;MBP FLOAT 6mm - RT1   80Wc
FRANCEWATTS;MBP PATTERN 5mm - RT2   125Wc
FRANCEWATTS;MBP PATTERN 5mm - RT6   200Wc
FRANCEWATTS;megaslate  (165Wc)
FRANCEWATTS;MBP FLOAT 6mm - RT2   120Wc
FRANCEWATTS;MBP FLOAT 6mm - RT5   145Wc
Francilienne;Monocristallin 300WC Full Black / 300W
Francilienne;Monocristallin 375WC Full Black / 375W
FRANKFORT SOLAR;FS 185W-MONO
FRANKFORT SOLAR;FS 190W-MONO
Free Energy;FEE-14-12
FreeSuntec;SR185
French Energy;FE210
French Energy;FE250HQE
French Energy;FE214
French Energy;FE110
French Energy;FE185
French Energy;FE214G
French Solar Industry;FSI185M36
FT Solaire;serie 170-12 (185)
Fuji Electric;FMC 155A
Fuji Electric;FMC 180
FUTURASUN;FU 260 M
FUTURASUN;FU 255 M
FUTURASUN;FU 250 M
FUTURASUN;FU 300 M /300
FVG ENERGY;FVG 165M-MC
GAHELIOS;HEE210UA63 (220wc)
GAHELIOS;HEE120MA61 (115wc)
GE Energy;GEPVp-130
GE Energy;GEPV-085-M
GE Energy;GEPV-165-M
GE Energy;GEPVp-200
GEG AG;180-48/6PA (160 Wc)
GEG AG;180-48/6PA (185 Wc)
GEG AG;180-48/6PA (175 Wc)
GEG AG;230-60/6PA (235 Wc)
GENERIQUE;Puissance 250W /250W
GENERIQUE;Puissance 220W /220W
GENERIQUE;Puissance 175 W /175W
GENERIQUE;Puissance 181 W /181W
German PV;GPV245P-60
German PV;GPV250P-60
GESOLAR;GES-M185
Gesolar;GES-M295
GESOLAR;GES-6P225
GESOLAR;GES-6P245
GESOLAR;GES-M210
GESOLAR;GES-M180
GH Solar;GH180M125
GH Solar;GH225M125
GH Solar;GH165M125
GH Solar;GH250M156
GH Solar;GH135M125
GH Solar;GH185M125
GH Solar;GH245M125
ght energy;GHT 250
ght energy;GHT 180
ght energy;GHT 185
ght energy;SUNRISE SR M660 250
Giordano;Kit 2970wc (panneaux de 165Wc)
Gloria Solar;GSS180A
GPPV;GPM-230 (220 wc)
GPPV (Greenpower);GPM210-A-96
GPV;GPV 175 / 24V poly
GPV;GPV 075
GREEN EARTH;GE-180
GSDF;Panneaux 250W
GSS;GSS-PV-162
GSS;GSS-PV-216
GSS;GSS-PV-293
GSS / IPEG;ZRE 246GEF-60M-6
GSS / IPEG;ZRE 250GEF-60M-6
GSS / IPEG;ZRE 244-60M-6ZF
GSS / IPEG;ZRE 180GEF-72M-5Z-F
GSS / IPEG;ZRE 200GEF-50M-6Z
GSS / IPEG;ZRE 185GEF-50M-6Z-F
Hanwha SolarOne;SF160-24-1M185
Hanwha SolarOne;SF220-30-1P250
Hanwha SolarOne;Q.PEAK DUO-G5 / 330W
Hanwha SolarOne;Q.PEAK DUO-G5 / 325W
Hanwha SolarOne;Q.PEAK DUO BLK ML-G9 / 3750W
Hanwha SolarOne;SF300 / 300W
Hanwha SolarOne;Q.PEAK DUO-G7 / 330W
Hanwha SolarOne;Q.PEAK DUO-G5 / 320W
Hanwha SolarOne;Q.PEAK DUO-G5 / 315W
Hareon Solar;TRITEC HR-190W
HC Solar Power;HCP185D-24
Heckert Solar;HS-PXL 200 (standard)
Heckert Solar;HS-PXL 210 (black edition)
Heckert Solar;HS-PXL 210 (standard)
Heckert Solar;HS-PXL 220 (standard)
Heckert Solar;HS 115
Heckert Solar;HS-PXL 215 (standard)
Heckert Solar;HS-PL 140
Heckert Solar;HS-PXL 205 (black edition)
Heliene;HEE210U - SM230 / 230W
Heliene;HEE215M / 215W
Heliene;HEE SM215 / 250W
Heliene;HEE SM215 / 245W
Heliene;HEE120M / 125W
Heliene;HEE SM215 / 220W
Heliene;HEE250M / 250W
Heliene;HEE215M A68 / 250W
Heliene;HEE245M / 245W
Heliene;HEE215M A67 / 245W
Heliene;HEE210U - SM210 / 210W
HELIOS ENERGY;HEE215MA67
Helios Technology;HT215P
Helios Technology;HT210 M
Helios Technology;HT210 P
Helios Technology;H250 / 250W
HelioSphera;HS-115
Hengji Solar;HJM250M?32
Himin Solar;HG-185S
Hitachi;HBM / 214W
HYUNDAI;HiS-S209SF
HYUNDAI;HiS-S250
HYUNDAI;HiE-S400VG / 400W
HYUNDAI;HiS-M185SF
HYUNDAI;HiS-S212SF
HYUNDAI;HiS-S200SF
HYUNDAI;HiS-M200SF
HYUNDAI;HiS-M182SF
HYUNDAI;HiS-S330FG / 330W
IATSO;ITS 200 P660
IATSO;ITS 210 P660
ibc solar;Monosol 135
ibc solar;PolySol 230 TE
ibc solar;IBC-225 TE
ibc solar;IBC-142
ibc solar;PolySol 210 VG
ibc solar;IBC-200 S Megaline
ibc solar;IBC-180 M
ibc solar;225 ET
ibc solar;PolySol 200 VG
ibc solar;IBC-110 S Megaline
ibc solar;IBC-175 M
ibc solar;IBC-185 M
ibc solar;Monosol 295 VL4 / 295W
ibc solar;IBC-170 P
ibc solar;230 TE
ibc solar;IBC-160 P
ibc solar;IBC-205 S Megaline
ibc solar;IBC-225 M
ibc solar;Monosol 230 ET
ibc solar;IBC-215 SE
ibc solar;IBC-165 P
IM SOLAR;300W
IM SOLAR;270P
IM SOLAR;bi-verre 320W
IM SOLAR;385 M bi-verre
IM SOLAR;375W
IM SOLAR;270W
Imerys;Solardachziegel (50 Wc)
Imerys;Solardachziegel (55 Wc)
Imerys;Solardachziegel (60 Wc)
Integra Solar;IS 180Wc
Integra Solar;IS 185Wc
Integra Solar;IS 195Wc
Intersolar;B107W
Intertechnology;ITM-45
Inventux;X 140
Inventux;X 120
Isofoton;ISF-235
Isofoton;ISF-250
Isofoton;I - 100
Isofoton;IS - 210/32
Isofoton;I - 165 CR
Isofoton;ISF-210
Isofoton;I - 110
Isofoton;ISF - 200/18
Isofoton;ISF-255
Isofoton;IS 180/24
Isofoton;IS - 190
Isofoton;IS - 200
Isofoton;IS 220/32
I-SONNE;IS-185
I-SONNE;IS 200W
Issol;CENIT-250
Issol;CENIT-150
Issol;CENIT-220
Issol;CENIT-245
Issol;CENIT-240
Istar Solar;IS4000P - 180wp
Istar Solar;IS3000P - 125wp
Istar Solar;IS4000P - 210wp
Istar Solar;IS4000P - 220wp
Istar Solar;IS3000P - 140wp
Istar Solar;IS4000P - 270wp
Istar Solar;220 Wc
Istar Solar;IS4000P - 140wp
Istar Solar;IS3000P - 130wp
Istar Solar;IS4000P - 200wp
Istar Solar;IS4000P - 150wp
Italsolar;36 MS/C
ITS Innotech Solar;Ecoplus 250 poly
ITS Innotech Solar;Ecoplus 250 mono
JA Solar;JAM6-60-240
JA Solar;JAM-54S30 405 / 405W
JA Solar;JAM60S09-320 / 320W
JA Solar;JAM6-60-300
JA Solar;JAM60S20-365 / 365W
JA Solar;JAM6-60-250
JA Solar;JAM6-60-270
JA Solar;JAM6-60-330 / 330W
JA Solar;JAM6-60-265
JC SOLAR;185
Jetion;JT-190(36)S
Jetion;JT-185(36)S
Jetion;JT-160(36)S
Jetion;JT260P_JT240
Jetion;JT260P_JT250
Jetion;JT200P_JT180
Jetion;JT220S_JT230
Jetion;JT180S_JT185
Jetion;JT220S_JT220
Jetion;JT-180(36)S
Jetion;JT220S_JT210
Jetion;JT-165(36)S
Jiangsu Wanfeng;WFM-185
Jiangxi Best Solar;BEST-240D-20
Jiangxi Best Solar;BEST-180D-24
Jinhua Dokio;DFSP-100M
JINKO SOLAR;JKM-250M -96 /250W
JINKO SOLAR;JKM-2609 -60 /260W
JINKO SOLAR;JKM345M-60H-V /345W
JINKO SOLAR;JKM330M-60H-V /330W
JINKO SOLAR;JKM340M-60H-V /340W
JINKO SOLAR;JKM-170M
JINKO SOLAR;JKM-190M
JINKO SOLAR;JKM-185M
JINKO SOLAR;JKM-240M
JINKO SOLAR;JKM320M-60B /320W
JINKO SOLAR;JKM-235M
JINKO SOLAR;JKM275PP-60
JINKO SOLAR;JKM270PP-60
JINKO SOLAR;JKM310M-60B /310W
JMS;JMS-CS 180 M (190)
JMS;JMS-CS 180 M (185)
JNL;365W
Kaneka;hb 105
Kaneka;BRA
kdgenergy;KDE250-M60
kdgenergy;KDE245-M60
kdgenergy;KDE214-P60
kingdomsolar;KD-P250
kingdomsolar;KD-P230
KIOTO;KPV ME 250
KIOTO;KPV PE 205
KIOTO;KPV ME 220
KIOTO;KPV PE 210
KIOTO;KPV PE 200
KIOTO;KPV PE 185
KIOTO;KPV PE 195
KIOTO;KPV PE 190
KL Solar;KL5+ 150
Koramic;KoraSun - 78
Korax;KS-140
Korax;KS-170
Korax;KS-245
Korax;KS-240
Korax;KS-255B
kvazar;kv180/24m
kvazar;kv165/24m
Kyocera;KD210
Kyocera;FL130T-1A
Kyocera;KD 210GH-2P
Kyocera;KD 185 GH-2PU
Kyocera;KD 185 GH-2P
Kyocera;KD 135 GH2P
Kyocera;KD 205GH-2P
Kyocera;KC 200GHT-2
Kyocera;KC 130 GHT-2
Kyocera;KC 200GT
Kyocera;KC 130TM/GT
Kyocera;KD 180GH-2P
Kyocera;KC 125 G-2
Kyocera;KC 175GHT-2
Kyocera;KC 175GT
Kyocera;KC 125 GT
Kyocera;KC 190 GT
Kyocera;KD215GH
Kyocera;KC 170GT
Kyocera;KC 120
Kyocera;KD235GH
Kyocera;SPG 1786
Kyocera;KD245GH
Latitude Solar;Elsingor 250
Latitude Solar;Elsingor 245
Latitude Solar;Latitude P6-60/6 230
Latitude Solar;Latitude P6-60/6 200
Latitude Solar;Elsingor 240
Latitude Solar;Latitude P6-60/6 235
Latitude Solar;Latitude P6-60/6 225
Latitude Solar;Latitude P6-60/6 250 / 250W
LC Solar;LCS-M185-RP (edition Noire)
LC Solar;LCS-M190-RP (edition Noire)
LDK SOLAR;LDK-185D-24
LDK SOLAR;LDK-185P-18
LG Electronics;Neon 2 Bifacial / 395W
LG Electronics;LG250S1K
LG Electronics;Neon / 370W
LG Electronics;Neon 2 Bifacial / 390W
LG Electronics;Neon 2 / 395W
LG Electronics;LG320N1C-G4
LG Electronics;LG220P1C
LG Electronics;Neon 2 / 330W
LG Electronics;LG330N1C-A5 / 330W
LG Electronics;Neon / 360W
LG Electronics;Neon / 375W
LG Electronics;Neon 2 / 350W
LG Electronics;Neon 2 / 340W
LG Electronics;Neon / 365W
LG Electronics;Neon 2 / 325W
LG Electronics;Neon 2 Black / 330W
LG Electronics;Neon 2 / 335W
LG Electronics;Neon 2 / 400W
LG Electronics;Neon 2 Black/ 320W
LG Electronics;LG305N1C-G4
LG Electronics;LG230M1C
LG Electronics;LG300S1C-A5
LIBRA ENERGY;ZRE 187 GEF-72M-
LONG ENERGY;SLSM-185
LONG ENERGY;SLSM-160
LONGI Solar;LR460HPH365M /365W
LONGI Solar;LR460HPH355M /375W
LONGI Solar;LR6-60PB-300M
LONGI Solar;LR460HPH355M /370W
LONGI Solar;LR460HPH355M /355W
LONGI Solar;LR460HPH320M /320W
LONGI Solar;LR460HPH355M /360W
LONGI Solar;LR460HPH355M /380W
LONGI Solar;LR472HPH450M /450W
LORENTZ;M-165
LUXOL;LUXOL-71
Luxor;LX 185M
Luxor;Eco Line 72 LX-200M / 200W
Luxor;Eco Line 60 LX-250M / 250W
Luxor;Eco Line 60 LX-260M / 260W
Luxor;Eco Line Full Black M60/300 / 300W
Luxor;LX-165M/125
Luxor;Eco line LX180M /125-72+
Luxor;Eco line LX175M /125-72+
Luxor;Eco Line 60 LX-255M / 255W
Mage Solar;powertech 185/5 ME
Mage Solar;MagePowertec Plus 185/6PL (185 wc)
Mage Solar;MagePowertec Plus 180/5 ME (180 wc)
Mage Solar;MagePowertec Plus Mono 260 / 260W
Mage Solar;powertech 175/5 ME
Mage Solar;MagePowertec Plus 250/6pj / 250W
Metrotile;Metrolightpower (51)
MEYER BURGER;375 W
MHH;MHH plus 150 (150W)
MHH;MHH plus 220 (210W)
MHI;MA 100 TI
Midi Solaire;Midi 2720 (170Wc)
Mitsubishi;PV-UD185MF5
Mitsubishi;PV-MF185 TD4
Mitsubishi;PV-MF180 TD4
Mitsubishi;PV-MF100 EC4
Mitsubishi;PV-MF165EB3-LF
Mitsubishi;PV-TD190HA6
Mitsubishi;PV-MF175 TD4
Mitsubishi;PV-MF130EA2LF
Mitsubishi;PV-MF125 EA4
Mitsubishi;PV-MF170 TD4
Mitsubishi;PV-TJ210GA6
Mitsubishi;PV-MF130 EA4
Mitsubishi;PV-TJ230GA6
Mitsubishi Heavy;MA 100
Moser Baer;MB09-NT90-0383 (210 Wc)
Moser Baer;MBPV - CAAP BB (210Wc)
Moser Baer;MBPV - CAAP BB (215Wc)
MSK Corporation;AJG 060B
MX Group;Suncase MX60-210
Mylight Systems;Quartz bi-verre bifacial 375Wc / 375W
Mylight Systems;Full Black / 375W
Mylight Systems;Black crystal 300 / 300W
Mylight Systems;Quartz bi-verre bifacial 370Wc / 370W
NAPS;NP 200 GK
NAPS;K44
NAPS;NP 125GK
NAPS;NP 130GK
NAPS;NR 100 G/24
NEXPOWER;NT-140AX /140W
NEXPOWER;NH-100 BX_31
Next Generation;Panneaux 240 W
Next Generation;Panneaux 250 W
Next Generation;Panneaux 200 W
Ningbo;Sun Earth 175W
Ningbo;Sun Earth 170W
Ningbo Qixin Solar;SL250CE
Ningbo Qixin Solar;SL300CE-36MD
NORWATT;MFB 375 / 375W
O2 Solar;SD 185 Excellium
Omnis Power;Cortex P4 / 410W
ORI Solar;ORI-280P
Oryon;SF 135
Oryon;SF 130
Pacific Solar Tech;MicroPV 108BF
Panasonic;VBHH250AE01 / 250W
Panasonic;VBHH245AE01 / 245W
PANASONIC;VBHN330SJ47 /330 W
Pas_dans_la_liste_panneaux;Pas_dans_la_liste_panneaux
PEIMAR;OR6H450M / 450W
Perlight Solar;PLM-250MB-60 / 250W
Perlight Solar;PLM-290MB-60 / 290W
Perlight Solar;PLM 165/24
Perlight Solar;PLM-275MB-60 / 275W
Perlight Solar;PLM 185/24
Perlight Solar;PLM-P185
Phoenix Solar;PHX-90
Phoenix Solar;PHX-160V /162W
Phoenix Solar;LDK Solar 210P/20
Phono Solar;PS210M
Phono Solar;PS240M
PHOTON POWER;Kit 2800 - 16 panneaux de 175Wc
Photovoltech;MSTD 200
Photovoltech;HI-Line A 0136 (75W)
Photovoltech;MSTD 180 A
Photowatt;PW 2500 / 250W
Photowatt;PW 2050 / 210W
Photowatt;PW6-BIPV1 / 120W
Photowatt;PW 2750 / 285W
Photowatt;PW 2750 / 270W
Photowatt;PW 2500 / 265W
Photowatt;PW 1650 / 175W
Photowatt;PW 2500 / 255W
Photowatt;PW 2300 / 240W
Photowatt;PW 1650 / 165W
Photowatt;PW6 / 123W Compact
Photowatt;PW6-BIPV1 / 125W
Photowatt;BPX 47500 / 48W
Photowatt;PW 750 / 75W
Photowatt;PW6 / 120W Compact
Photowatt;PW 2050 / 200W
Photowatt;PW 1000 / 100W
Photowatt;PW 2500 / 240W
Photowatt;PW6-BIPV1 / 130W
Photowatt;PW6 / 110W Compact
Photowatt;PW-BIPV / 120W
Photowatt;PW 1250 / 115W
Photowatt;PW 1000 / 110W
Photowatt;PW6-123 / 120W
Photowatt;PW 1250 / 125W
Photowatt;PW 1400 / 150W
Photowatt;PW 1400 / 160W
Photowatt;PW-BIPV / 100W
Photowatt;PW-BIPV / 110W
Photowatt;PW 1000 / 105W
Photowatt;PWI-6-30-I
Photowatt;PW 850 / 75W
Photowatt;PWM 1650 / 165W
Photowatt;PW6 / 225W
Photowatt;PW5 / 125W Compact
Photowatt;PW 2500 / 245W
Photowatt;PW 1250 / 135W
Photowatt;PW1650 / 175W
Photowatt;PWX 500 / 50W
Photowatt;PW1650 / 165W
Photowatt;PWX 500 / 55W
Photowatt;PW 2750 / 265W
Photowatt;PW 500 / 50W
Photowatt;PW 500 / 55W
Photowatt;PW 2500 / 260W
Photowatt;PW500 / 50W
Photowatt;PWM 1700 / 180W
Photowatt;PW 1000 /  100W
Photowatt;PW5 / 165W Compact
Photowatt;PWM 1650 / 175W
Photowatt;PW6 / 230W Compact
Photowatt;PW 1400 / 140W
Photowatt;PW5 / 115W Compact
Photowatt;PW 500 / 45W
Photowatt;PW 2300 / 230W
Photowatt;PW6 / 100W
Photowatt;PW6-123 / 110W
Photowatt;PW 2750 / 280W
Photowatt;PW 750 / 70W
Powerlight;Sun Tile
Pramac;LUCE MCPH P7 (125)
PV Enterprise;MJ185-72-1
PVT Austria;PVT-2xxMAE-C_240
PVT Austria;PVT-210AE-A
PVT Austria;PVT-2xxMAE-C_210
PVT Austria;PVT-2xxAE-C_210
Q-cells;Q.Peak-G3  250
Q-cells;Q.Peak-G4 300W
Q-cells;Q-Peak Duo BLK ML-G9 / 385W
Q-cells;Q-Peak Duo BLK ML-G9 / 365W
Q-cells;Q-Peak Duo ML-G9 / 375W
Q-cells;Q-Peak Duo BLK ML-G9 / 375W
Q-cells;Q-Peak Duo BLK-G8 350 / 350W
Q-cells;Q.PRO 240
Q-cells;Q.Peak-G3  260
Q-cells;Q.Peak-G4 305W
Q-cells;Q-Peak Duo BLK-G6 335 / 335W
Q-cells;Q-Peak Duo BLK-G6 330 / 330W
Q-cells;Q.Peak-G3  255
Q-cells;Q-Peak Duo BLK-G6 315 / 315W
Q-cells;Q-Peak Duo BLK-G6 340 / 340W
Q-cells;Q-Peak Duo BLK-G7 330 / 330W
Q-cells;Q.Peak-G4 290W
Q-cells;Q-Peak Duo BLK-G6 345 / 345W
Q-cells;Q-Peak Duo BLK ML-G9 / 370W
Q-cells;Q-Peak Duo BLK ML-G9 / 380W
Q-cells;Q.PRO 265
Q-cells;Q.PRO 260
Q-cells;Q.PRO 250
Q-cells;Q.PRO 230
Q-cells;Q.PRO 270
Q-cells;Q.Peak-G3  265
Q-cells;Q.Peak-G3  270
Q-cells;Q.Peak-G3  280 / 280W
Q-cells;Q.SMART UF L 105
Q-cells;Q.SMART 90
Q-cells;Q.Peak-G4 295W
Q-cells;Q.PRO 255
QS SOLAR;QS55
RAYS;ECO-400M-66 / 400W
REC;REC245PE / 245W
REC;REC240PE
REC;REC235AE
REC;REC250PE  / 250W
REC;REC255PE
REC;REC240AE
REC Scanmodule;REC 225AE
REC Scanmodule;REC 210AE
Rec Solar;REC300TP2 / 300W
Rec Solar;REC 214AE
Rec Solar;REC JM210 / 210W
Rec Solar;Premium - 205
Rec Solar;Premium - 235
Rec Solar;Premium - 225
Rec Solar;Premium - 210
Rec Solar;Premium - 215
Rec Solar;SCM 210
Rec Solar;REC310NP / 310W
Rec Solar;REC260PE / 260W
Rec Solar;REC290TP2 / 290W
Rec Solar;REC325NP / 325W
Rec Solar;REC330NP / 330W
Rec Solar;REC320NP / 320W
Rec Solar;Premium - 230
Rec Solar;REC230 JM
Rec Solar;REC205 JM
Rec Solar;Premium - 220
RECOM;RCM-260-6MB / 260W
RECOM;RCM-330-6MB / 330W
RECOM;RCM-400-SMA / 400W
RECOM;RCM-280-6MB / 280W
RECOM;RCM-470-SMA / 470W
RECOM;RCM-370-6ME / 370W
RECOM;RCM-380-6ME / 380W
RECOM;RCM-300-6MB / 300W
RECOM;RCM-305-6MB / 305W
RECOM;RCM-310-6MB / 310W
ReneSola;JC250M
ReneSola;JCSM185D
Renewis;PV 155
Renewis;PV 185
Renewis;PV 175
Renewis;PV 180
Rheinzink;Solar PV Stehfalz
RISEN-SOLAR;RSM40-8-390MB / 390W
Risun;RT7 / 245W
robby solar;PV180
Romag;SMT 6(48)P (185)
Romag;SMT 6(48)P (190)
Roto Frank;SPR 10/20 280 (272Wc)
Roto Frank;RPV 18/14 - 2
Roto Frank;SPR 10/20 275 /275W
S Energy;S-ENERGY - SM-210PA8
S. E. Project;SEM100
S.A.G.;SAG 250 plus
Saint Gobain Solar;Suneka 245 Wp Monocrystalline / 245W
Saint Gobain Solar;Sunlap SL3  (150Wc)
Saint Gobain Solar;Sunlap T3 MonoCris (150Wc)
Saint Gobain Solar;Sunlap SL5 (142Wc )
Saint Gobain Solar;Frameless FL 4 190
Saint Gobain Solar;Suneka 185 Wp Monocrystalline / 185W
Saint Gobain Solar;Sunlap T2 MonoCris (111Wc)
Saint Gobain Solar;Sunlap T2 MultiCris (107Wc)
Saint Gobain Solar;Sunlap T5 MonoCris (137Wc)
Saint Gobain Solar;Sunlap T6 MonoCris (182Wc)
Saint Gobain Solar;Sunlap T3 MultiCris (145Wc)
Saint Gobain Solar;Suneka 260 Wp Monocrystalline / 260W
Saint Gobain Solar;Sunlap SL6 M1858-PG
Saint Gobain Solar;Sunlap T5 MultiCris (125Wc)
Samsung Electronics;LPC247SM-06 / 247W
Sanyo;HIT-H250E01 (250wc)
Sanyo;HIP-210 NKHE1
Sanyo;HIP-214 NKHE5
Sanyo;HIP-215 NKHE1
Sanyo;HIP-240-HDE1
Sanyo;HIP-1317
Sanyo;HIT-240-HDE4
Sanyo;HIP-215 NKHE5
Sanyo;HIP-230 HDE1
Sanyo;HIP-210 NKHE5
Sanyo;HIP-205 NKHE1
Sanyo;HIT-235 HDE4
Sanyo;HIP-240-HDE4
Sanyo;HIT-240-HDE1
Sanyo;HIP-235-HDE4 / 235W
Sanyo;HIP-225 HDE1
Sanyo;HIP-240 NKHE5 / 240W
Sanyo;HIP-180 BE3
Sanyo;HIT-N240SE10 / 240W
Sanyo;HIT-H250E01
Sanyo;HIP-190 BE3
Sanyo;HIT-N235SE10
Sanyo;HIP-220 HDE1
Sanyo;HIP-200 NKHE1
Sanyo;HIP-195 BE11
Sanyo;HIT-214
Sanyo;HIT-H245E01
Sanyo;HIP-180 NE1
Sanyo;HIP-190BE
Sanyo;HIT-H245E01 (245wc)
Sanyo;HIP-200 BE11
Sanyo;HIT-N230SE10 / 230W
Sanyo;HIP-270 NJE1
SARONIC;SRXXXX-72M MONO / 300W
SARONIC;SRXXXX-72P POLY / 315W
SARONIC;SRXXXX-72P POLY / 320W
SARONIC;SRXXXX-72P POLY / 340W
SARONIC;SRXXXX-72M MONO / 350W
SARONIC;SRXXXX-72P POLY / 310W
SARONIC;SR315-60M MONO / 315W
SARONIC;SRXXXX-60M MONO / 290W
SARONIC;SRXXXX-60P POLY / 270W
SARONIC;SRXXXX-60P POLY / 230W
SARONIC;SRXXXX-72P POLY / 330W
SARONIC;SRXXXX-60P POLY / 275W
SARONIC;SRXXXX-60M MONO / 270W
SARONIC;SRXXXX-60M MONO / 250W
SARONIC;SRXXXX-60P POLY / 280W
SCHEUTEN;P6-66 (250)
SCHEUTEN;Multisol 210 M6 54 / 210W
SCHEUTEN;P6-60 (230)
SCHEUTEN;P6-54 (210 wc)
SCHEUTEN;P6-54 205
SCHEUTEN;Multisol 185 P6 54
SCHEUTEN;Multisol 200 P6 54
SCHEUTEN;Multisol 210 P6 54
SCHEUTEN;P6-54 200
SCHEUTEN;200SCHEUTEN
SCHEUTEN;180SCHEUTEN
SCHEUTEN;P6-66 (245)
SCHEUTEN;Multisol 210 P5 96
SCHEUTEN;P6-66 (255)
SCHEUTEN;205SCHEUTEN
SCHEUTEN;Multisol 200
SCHEUTEN;P6-66 (240)
SCHEUTEN;P6-60 (240)
SCHEUTEN;Multisol 215 P5 96
SCHEUTEN;185SCHEUTEN
SCHEUTEN;P6-66 (260)
Schott;SCHOTT MONO 185
Schott;Schott mono 180
Schott;POLY 230
Schott;Indax 214
Schott;Schott - InDaX 214
Schott;POLY 165 TM
Schott;Indax 185
Schott;POLY 175
Schott;POLY 210
Schott;ASE-260-DG-FT/250W
Schott;Asithru-3-IO.PAN
Schott;Indax 170
Schott;ASE-165-GT-FT/MC/165
Schott;ASE-160-GT-FT/170W
Schott;ASE-160-GT-FT/155W
Schott;ASE-160-GT-FT/175W
Schott;POLY 235 / 235W
Schott;ASE-165-GT-FT/MC/170
Schott;Indax 225
Schott;ASE-250-InDaX (242W)
Schott;POLY 225
Schott;Indax 174
Schott;ASE-100-DG-UR/mono
Schott;Schott Poly 220
Schott;POLY 300 /300W
Schott;ASE-205-AD (204W)
Schott;POLY 217
Schott;ASE-200-DG-UR/multi
Schott;ASI-81
Schott;ASE-200-GT-FT
Schott;ASE-165-GT-FT/MC/160
Schott;ASE-200-DG-UR/mono
Schott;ASE-260-DG-FT/260W
Schott;Schott mono 195
Schott;ASE-100-GT-FT/95
Schott;ASE-100-GT-FT/100
Schott;ASI-F-100
Schuco;S 125-SP
Schuco;MPE 160
Schuco;MPE 250 ML 96
Schuco;MPE 200
Schuco;MPE 175
Schuco;MPE 170
Schuco;MPE 165
Schuco;SPV 205-SPS
Schuco;SPV 185-SMG-S
Schuco;SPV 165-SMG-S
Schuco;MPE 185 MS 05
Schuco;S 180-SP-4 (180)
Schuco;MPE 210
Schuco;MPE 205
Schuco;MPE225
Schuco;S 325-PP
Schuco;MPE240
Schuco;S 350-PM-2
Schuco;S 300-PM-4
Schuco;S 180-SP-4 (175)
Schuco;SPV 195-SPS
Schuco;S 170-SP-3
Schuco;MPE 230
Schuco;SPV 200-SPS
Schuco;MPE 195
Schuco;MPE 340
Schuco;MPE 350
Schuco;S 175-SP-3
Schuco;S 310-PM-2
Schuco;S 300-K
Schuco;S 320-PM-2
Schuco;MPE 215
Schuco;S 330-PM
Schuco;SPV 190-SPS
Schuco;S 325-PM-2
Schuco;S 320-PM-4
Schuco;SPV 180-SMG-S
Schuco;MPE220
Schuco;S 360-PM-5/6
Schuco;S 310-PM-1
Schuco;S 340-PM-2
Schuco;S 165-SP
Schuco;MPE 320
Schuco;S 180-SP-4 (170)
Schuco;S 175-SP-4
Schuco;S 310-PM-5/6
Schuco;SPV 175-SPS
Schuco;S 130-SP-2
Schuco;S 310-PM-4
Schuco;S 325-K
Schuco;S 130-SP
Schuco;S 340-K
Schuco;S 340-PM-5/6
Schuco;SPV 175-SMG-S
Schuco;S 350-PM-5/6
Schuco;SPV 170-SPS
Schuco;SPV 160-SPS
Schuco;MPE235
Schuco;MPE 190
Schuco;S 330-PM-2
Schuco;MPE 330
Schuco;SPV 165-SPS
Schuco;MPE 355
Schuco;MPE 245 ML 96
Schuco;S 180-SP-4 (165)
Schuco;S 165-SPU
SCHUTTEN-SOLAR;STM6-250/60
SCHUTTEN-SOLAR;STM6-235/60
Schwaben Solar;AS 165-24
Schwaben Solar;AS 180-6.2
SCN Energy;SDM-170/X-72M/MS (185Wc)
SCN Energy;SDM-170/X-72M/MS (190Wc)
SCN Energy;SDM-170/X-72M/MS (165Wc)
SCN Energy;SDM-170/X-72M/MS (155Wc)
SCN Energy;SDM-170/X-72M/MS (170Wc)
SCN Energy;SDM-170/X-72M/MS (180Wc)
SCN Energy;SDM-170/X-72M/MS (175Wc)
S-ENERGY;SM-210PA8
S-ENERGY;SM-175MQ5
S-ENERGY;SM-215PA8
S-ENERGY;SM-200PA8
SENTECH;Solto 250S / 250W
SENTECH;ST-180W
Serrano Environnement;SEES M156/6/9 2010 02 -210
SES;SwissTile
SETA;SRS165M209
Shanghai;ST Solar 180
Shanghai;165-D
Shanghai Chaori;CRM185S125M-72
Shanghai Chaori;CRM 185S
Shanghai Chaori;CRM 180S
Shanghai Chaori;CRM 160S 125S
Shanghai Chaori;CRM190S125M-72
Shanghai Topsolar;TSM-160M (170Wc)
Shanghai Topsolar;TSM-160M (180Wc)
SHARP;NU-S5E3E (185 Wc)
SHARP;NT-175 E1
SHARP;Sharp NU-180
SHARP;GSS114E
SHARP;ND-230 E1F
SHARP;ND-210 E1F
SHARP;NU-180E1
SHARP;NU-185E1
SHARP;NT-185 U1
SHARP;NU-E245
SHARP;NU-S0E3E (180 Wc)
SHARP;ND-175
SHARP;ND-170 E1 F (170 Wc)
SHARP;ND-162 E1F
SHARP;NT-R5E3E
SHARP;ND-162 U1
SHARP;NE-170 U1 (170 Wc)
SHARP;ND-162E1
SHARP;NE-175 U1
SHARP;NE-Q7E3E
SHARP;ND-167 U1F
SHARP;NE-Q5E2E
SHARP;ND-170 E1 F (166Wc)
SHARP;NE-165 U5
SHARP;ND-166 E1F
SHARP;NU-E235 (E1)
SHARP;NE-165 U1
SHARP;NU-R250J
SHARP;ND-123-UJF
SHARP;NA-F128
SHARP;JHG 624
SHARP;Sharp NU-185
SHARP;ND-R250A5
SHARP;ND-208 U2
SHARP;ND-220 E1F
SHARP;ND-Q2E3E/ND162E1
SHARP;NU-R290 / 290W
SHARP;ND-Q2E3E
SHARP;ND-155 AN
SHARP;ND-200 U1
SHARP;JHS 402
Shell Solar;SQ80
Shell Solar;RSM110
Shunda;SDM-170/X-72M / 155W
Shunda;SDM-170/X-72M / 185W
Shunda;SDM-230/X-60M/250
Shunda;SDM-170/X-72MS / 185W
Shunda;SDM-170/X-72M / 190W
Shunda;SDM-170/X-72M / 180W
Shunda;SDM-270/X-72M / 250W
Siemens Solar;SM110
Siemens Solar;SM100
Siemens Solar;M110
Siemens/Shell;IRS 110MA
Siemens/Shell;IRS 115MA
Signet Solar Inc;SI S4-78.Ax
Siligem;M165WF-5
Siligem;P185WS-5
Siliken;SLK60P6L 230W
Siliken;SLK60P6L (235)
Siliken;SLK60P6L 235W
Siliken;SLK60PL6 (245Wc)
Siliken;SLK60P6L (220)
Siliken;SLK60PL6 (215Wc)
Siliken;SLK60M6L 240W
Siliken;SLK60P6L (240)
Siliken;SLK60M6L 245W
Siliken;SLK36P5 80W
Siliken;SLK60P6L (215)
Siliken;SLK60M6L Noir 210W
Siliken;SLK60M6L Noir 240W
Siliken;SLK60P6L (245)
Siliken;SLK60M6L 230W
Siliken;SLK60P6L 240W
Siliken;SLK50P6L 185W
Siliken;SLK60P6L (230)
Siliken;SLK60P6L (210)
Siliken;SLK60M6L 210W
Siliken;SLK60P6L (200)
Siliken;SLK60M6L 235W
Siliken;SLK60P6L (225)
Siliken;SLK60M6L Noir 230W
Siliken;SLK60PL6 (235Wc)
Siliken;SLK60PL6 (240Wc)
Siliken;SLK60P6L 215W
Siliken;SLK60P6L 220W
Siliken;SLK72M5 184W
Siliken;SLK60M6L Noir 235W
Siliken;SLK60M6L 215W
Siliken;SLK60P6L 210W
Siliken;SLK60M6L Bleu 250W
Siliken;SLK60PL6 (210Wc)
Siliken;SLK72P5 160W
Siliken;SLK50P6L 200W
Siliken;SLK60P6L 200W
Siliken;SLK60P6L 212W
SILLIA;SeT225P-40
SILLIA;60P225 / 225W
SILLIA;60M245 / 245W
SILLIA;60P265 /265W
SILLIA;SeT1xxc (187 Wc)
SILLIA;60M260 / 260W
SILLIA;SeT200C
SILLIA;60M250 / 250W
SILLIA;SeT214P
SILLIA;SeT187C
SILLIA;SeT1xxc (185 Wc)
SILLIA;60P250 /250W
SILLIA;SeT214Q
SILLIA;SeT245GS
SILLIA;SeT240GS
SILLIA;SeT245P-40
SILLIA;SeT195C
SILLIA;SeT235GS
SILLIA;60M235 / 235W
SILLIA;60M265 / 265W
SILLIA;72P300 /310W
SILLIA;SeT205P-40
SILLIA;SeT235P-40
SILLIA;SeT230P
SILLIA;60M300 / 300
SILLIA;72P300 /300W
SILLIA;SeT230GS
SILLIA;SeT215P-40
SILLIA;60M240 / 240W
SILLIA;60P245 /245W
SILLIA;60P230 /230W
SILLIA;60P235 /235W
SILLIA;72P300 /315W
SINSKI;SPV250M-24
SINSKI;SPV185M-24
SINSKI;SPV140-12
SINSKI;SL130-12 (145)
SINSKI;SPV255M-24
SINSKI;SPV260M-24
SINSKI;SPV240M-20
SINSKI;SPV245M-24
SNA solar;Megaslate-PVMS1 MONO 150 / 150W
SNA Solar;Megaslate-PVMS2 MONO 190 / 190W
SNA Solar;PVSTD-LUXE MONO 250 / 250W
SNA Solar;PVSTD-POLY 220 / 220W
SNA Solar;PVSTD-POLY 210 / 210W
SNA Solar;Megaslate-PVMS2 MONO 160 / 160W
SNA Solar;PVSTD-POLY 230 / 230W
SNA Solar;PVSTD-MONO 250 / 250W
Solaire Direct;SD K 2940 2x7PO (210 wc)
Solaire Direct;SD K 2940 2x6PO (245 wc)
Solaire Direct;SD K 1840 1x8PO (230 wc)
Solaire Direct;SD K 2300 2X5PO (230 wc)
Solaire Direct;ST 180 4x4 PO
Solaire Direct;ST180 5X3 PA (180 Wc)
Solaire Direct;SDK-2820-4X3PA
Solaire Direct;SD3000 (200Wc)
Solaire Direct;SD1-0610 (230Wc)
Solaire Direct;SD K 2400 4x4PO (150 wc)
Solaire Direct;SD K 2600 8 et 15 (144 wc)
SOLAIRE ELEC;AS-5M-185
SOLAIRE ELEC;AS-5M-160
SOLAIRE ELEC;AS-5M-175
Solar Cells;SMAL 436
Solar Creator;SC 185
Solar Creator;SC 180
Solar excellence;SE 187-72
SOLAR FRONTIER;SF150
SOLAR FRONTIER;SF140
SOLAR FRONTIER;SC-70-EX-A
SOLAR FRONTIER;SC75-EX-A
SOLAR FRONTIER;SC-80-EX-A
SOLAR ONE;Monocrystallin (300 wc) / 300W
Solar Power;SP200
Solar Power;SP185
Solar Power;Technology 6-180
Solar Power;SP220
Solar swiss;SSM230P
Solar swiss;SSM185/72m
Solar swiss;SSM150/24m
Solar swiss;SSM250/250W
Solar swiss;SSM170/24m
Solar swiss;SSM180/24m
Solar tendances;ST 185
Solara;SM 8230
Solara;SM 8220
Solara;S 861 TI
Solara;S 890 TIM
Solarcentury;PV-C21-M52D/2
Solarcentury;Solarcentury M187
Solarcentury;Solarcentury M185
Solarcentury;SC-M185-H18
Solarday;PX60 - 200
Solarday;PX60HT-230
Solarday;PX60 - 220
Solarday;PX60 - 210
SolarEdge;SE25k
SolarEdge;P330
SolarEdge;SE27.6k
Solareole;PSP185M
Solarex;MST-43MV
Solarezo;RS250M60
Solarezo;RS245M60
Solarezo;RS240M60
Solarezo;RS230M60
Solar-Fabrik;SF 150/10A (185 Wc)
Solar-Fabrik;Premium incell 187,5
Solar-Fabrik;Premium incell 235
Solar-Fabrik;Premium L 250
Solar-Fabrik;Premium L 245
Solar-Fabrik;SF 200A/220
Solar-Fabrik;Premium incell 245
Solar-Fabrik;SF 130/2-125
Solar-Fabrik;SF 125
Solar-Fabrik;SF 200A/200
Solar-Fabrik;SF 135A
Solar-Fabrik;SF 130/4-135
Solar-Fabrik;Premium XM 187,5
Solar-Fabrik;Premium L 255
Solar-Fabrik;Premium XM 195
Solar-Fabrik;SF 130/2-135
Solar-Fabrik;Premium L 260
Solar-Fabrik;Premium L poly (230)
Solar-Fabrik;SF 130/2-130
Solar-Fabrik;SF 200A/210
Solar-Fabrik;SF 170
Solar-Fabrik;Premium L poly (235)
Solar-Fabrik;SF 150/2A
Solar-Fabrik;SF 340
Solar-Fabrik;Convert 4000
Solar-Fabrik;Premium L 265
Solar-Fabrik;Premium XM 200
Solar-Fabrik;Premium S 135
Solar-Fabrik;Premium L 240
Solar-Fabrik;SF 120-115
Solar-Fabrik;SF 200A-225
Solar-Fabrik;SF 125-130
Solar-Fabrik;SF 200A-235
Solar-Fabrik;SF 130/4-125
Solar-Fabrik;SF 200A-215
Solar-Fabrik;SF 200A-230
Solar-Fabrik;Premium XM 185
Solar-Fabrik;SF 135A-125
Solar-Fabrik;SF 150/10-165A
Solar-Fabrik;SF115/2-110
Solar-Fabrik;SF 115
Solar-Fabrik;SF 150/10A (175 Wc)
Solarfun;SF 160-24 (185Wc)
Solarfun;SF 160-24-M185  (185Wc)
Solarfun;SF 160-24 (180Wc)
Solarfun;SF 180 M5-29 (180Wc)
Solarfun;SF 190-27-P (195Wc)
Solarfun;SF 160-24-P185  (185Wc)
Solarfun;SF185
Solarfun;SF 080 M5-18 / 75W
Solarfun;SF200
Solarfun;SF 190-27-P (200Wc)
Solarfun;SF 160 M5-24 (160Wc)
Solarfun;SF 160M5-24 (175 wc)
Solarfun;SF 190-27-P (185Wc)
Solarfun;SF 160-24 (170Wc)
Solarfun;SF 175 M5-24 (175 wc)
Solarfun;SF 160-24 (165Wc)
Solarfun;SF 180 P5-29 (180Wc)
Solarfun;SF 190-27-P (190Wc)
Solarfun;SF 160 P5-24 (160Wc)
Solarfun;SF 190-27-P (210Wc)
Solarfun;SF160
Solarfun;SF175
Solarfun;SF170
Solarfun;SF250
Solarfun;SF 190-27-P (175Wc)
Solarfun;SF 160-24 (155Wc)
SolarfunBENQ;Specifique 182Wc
Solaria Energia;S5M+ 250
Solarinox;BLD240-72P
Solarinox;SLX-SST175-72M
Solaris;125M36-655
Solaris;125M72-150S
Solaris;S 68 GT
Solarnova;SOL 230 GT
Solarnova;SOL 100 AC
Solarstocc;SL 165 M5-JDE
solarstocc;SD 180
Solarstocc;SLP 180 M5-JDE
Solarstocc;SLP 180 M6-JTO
Solarstocc;SLP 185 M6-JTO
Solarstocc;SLP 190 M6-JTO
Solarstocc;SLP 190 M5-JDE
Solarstoxx;SL 170
Solarstoxx;SL 180
Solartec;SPV250M-24 / 250W
Solartec;Radix72-113
Solartec;SST72-150/24 (150W)
SolarTechnics;M180WC
SolarTechnics;M170WC
Solarwatt;M220-60 GET AK (220)
Solarwatt;M220-60 GET AK (240)
Solarwatt;M230-96 GET AK (245)
Solarwatt;BLUE P60 - 260W
Solarwatt;M230-96 GET AK (220)
Solarwatt;BLUE P60 - 230W
Solarwatt;A10-30GET AK
Solarwatt;Vision H3.0 / 370W
SOLARWATT;60M haute puissance / 300W
Solarwatt;Vision 60M / 315W
Solarwatt;M250-60 GET AK (250)
Solarwatt;60P270
Solarwatt;BLUE P60 - 250W
Solarwatt;M250-60 GET AK (250wc)
SOLARWATT;60M haute puissance / 290W
Solarwatt;M230-96 GET AK (230)
Solarwatt;Vision H3.0 / 360W
Solarwatt;M180-48 GET AK (180)
Solarwatt;Vision H3.0 / 365W
Solarwatt;BLUE P60 - 255W
Solarwatt;60P260
Solarwatt;M230-96 GET AK (240)
Solarwatt;P 220-96 GET AK
Solarwatt;M220-60 GET AK (230)
Solarwatt;BLUE P60 - 240W
Solarwatt;M230-96 GET AK (250)
Solarwatt;M180-48 GET AK (185)
Solarwatt;M180-48 GET AK (175)
Solarwatt;60P280
SOLARWATT;60M haute puissance / 295W
Solarwatt;M180-48 GET AK (190)
Solarwatt;M220-60 GET AK (235)
Solarwatt;M220-60 GET AK (210)
Solarwatt;Vision 60M / 305W
Solarwatt;M220-60 GET AK (212)
Solarwatt;M230-96 GET AK (235)
Solarwatt;M250-60 GET AK (245wc)
Solarwatt;M250-60 GET AK (240wc)
Solarwatt;M220-60 GET AK (215)
Solarwatt;P210-60 GET AK /240W
Solarwatt;M250-60 GET AK (230wc)
Solarwatt;M220-60 GET AK (225)
Solarwatt;Vision 60M / 320W
Solarwatt;M 120-72 GEG LK
Solarwatt;BI-VERRE P250-60 /250W
Solarwerk;SOLO
Solarwood;Frameless SWFL 4 - poly 220 Wc
Solarwood;215 Wc
Solarwood;MegaSlate 141
Solarwood;MegaSlate 150
Solarwood;MegaSlate 105
Solarwood;MegaSlate 134
Solarwood;MegaSlate 115
Solarwood;MegaSlate 155
Solarwood;MegaSlate 169
Solarwood;MegaSlate 121
Solarwood;MegaSlate 162
SolarWorld;SW 265 mono / 265W
SolarWorld;SW 240
SolarWorld;Sunmodule Plus SW 214
SolarWorld;SW 245
SolarWorld;SW 260 mono
SolarWorld;SW 255 mono
SolarWorld;SW 165 Mono
SolarWorld;SW 250 poly
SolarWorld;SW+ 265
SolarWorld;SW 235
SolarWorld;SW 280 mono / 280W
SolarWorld;SW 150 Compact Poly
SolarWorld;SW 230 mono
SolarWorld;SW 270 mono / 270W
SolarWorld;SW 250 mono
SolarWorld;Sunmodule SW214
SolarWorld;SW 260 poly
SolarWorld;SW 160 Poly
SolarWorld;SW 210 Poly
SolarWorld;SW 215 Poly
SolarWorld;GPV 102P
SolarWorld;SW+ 275
SolarWorld;SW 140 Compact Poly
SolarWorld;Sunmodule Plus SW 235 mono
SolarWorld;SW+ 225 poly
SolarWorld;SW+ 210 poly
SolarWorld;SW+ 215 poly
SolarWorld;SW 300 / 300W
SolarWorld;SW+ 280
SolarWorld;SW 290 / 290W
SolarWorld;SW 240 poly
SolarWorld;SW 275 mono / 275W
SolarWorld;SW+ 260
SolarWorld;SPI 3000 HV outdoor
SolarWorld;sunmodule sw245
SolarWorld;SW 215 mono
SolarWorld;SW 130 compact mono
SolarWorld;SW 225 Poly
SolarWorld;SW 220 Poly
SolarWorld;SW 200 Poly
SolarWorld;SW 214 poly
SolarWorld;SW 180 Mono
SolarWorld;solar Wordl SW 150
SolarWorld;SW 150 Poly
SolarWorld;SW 155 compact mono
SolarWorld;SW 155 Mono
SolarWorld;Sunmodule MONO 165 / 165W
SolarWorld;SW 255 poly
SolarWorld;SW 145 mono
SolarWorld;SW 175 Mono
SolarWorld;SW 185 Mono
SolarWorld;SW 235 poly
SolarWorld;SW 170 Mono
SolarWorld;SW 165 Poly
SolarWorld;SPI 3000 HV indoor
SolarWorld;SW 135 mono
SolarWorld;SW+ 270
SolarWorld;SW 205 Poly
SolarWorld;SW 175 Poly
SolarWorld;SW 230 Poly
SolarWorld;SW 160 Mono
SolarWorld;SW 150 compact mono
SolarWorld;SW+ 220 poly
SolarWorld;SW 220 mono
SolarWorld;SW 150 Mono
SolarWorld;SW 185 poly
SolarWorld;SW 190 mono
SolarWorld;SW 245 mono
SolarWorld;SW 310 / 310W
SOLASUN;185
Solea;SM175
Soleia;K2800
Soleia;K2960   (185Wc)
Solel;SE 100
Soleole;180 Wc
SOLEOS;250-2MS
SOLEOS;165-EGM
SOLEOS;2P-230Wc
SOLEOS;240-2MS
SOLEOS;230-GFM (GUOFEI)
Solibro;SL1-80
Solibro;SL1-85
Solibro;SL1-75
Solon AG;P220 / 6+ (210W)
Solon AG;Solon Blue 230/07 (235W)
Solon AG;Solon Blue 230/07
Solon AG;P220 / 6+ (230W)
Solon AG;Solon Blue 230/07 (225W)
Solon AG;Solon Blue 230/07 (210)
Solon AG;Solon Black 230/02 (225W)
Solon AG;P220 / 6+ (200W)
Solon AG;Solon Blue 230/07 (245W)
Solon AG;Solon Black 230/02 (230W)
Solon AG;Solon Blue 220/03 (210W)
Solon AG;Solon Blue 230/07 (230W)
Solon AG;Solon Black 160/05 (165w)
Solon AG;150 W
Solon AG;Solon Black 230/07 (245W)
Solon AG;Solon Black 230/07 (215W)
Solon AG;Solon Black 300/10 (285W)
Solon AG;Solon Blue 300/10 (245W)
Solon AG;Solon Black 230/07 (250W)
Solon AG;Solon Blue 230/07 (250W)
Solon AG;M230 / 6+ (210W)
Solon AG;M230 / 6+ (230W)
Solon AG;Solon Blue 230/07 (220W)
Solon AG;Solon Blue 230/07 (214W)
Solon AG;Solon Blue 230/02 (225W)
Solon AG;Solon Black 300/10 (295W)
Solon AG;M230 / 6+ (235W)
Solon AG;Solon Black 230/07 (235W)
Solon AG;P220 / 6+ (225W)
Solon AG;M230 / 6+ (225W)
Solon AG;M230 / 6+ (220W)
Solon AG;Solon Black 230/07 (240W)
Solon AG;M230 / 6+ (240W)
Solon AG;P220 / 6+ (235W)
Solon AG;Solon Black 300/10 (300W)
Solon AG;Solon Black 230/02 (215W)
Solon AG;Solon Blue 230/02 (215W)
Solon AG;P200
Solon AG;Solon Blue 230/07 (215W)
Solon AG;P200 / 5
Solon AG;Solon Black 230/07 (230W)
Solon AG;Solon Black 160/05 (170w)
Solon AG;P180 / 6+ (185W)
Solon AG;P220 / 6+ (215W)
Solon AG;Solon Black 160/05 (155w)
SOLPOWER;GM572 (170 Wc)
SOLPOWER;GP660 (225 Wc)
SOLPOWER;GM572 (175 Wc)
SOLSONICA;S610 BI (230wc)
SOLSONICA;S608-185
SOLSTIS;ORYON 130wc
SOLSTIS;ORYON 125wc
SOLSTIS;ORYON 135wc
SOLSTIS;ORYON SF200
SOLSTIS;ORYON SF220
SOLSTIS;ORYON NOIR SR220
Solutium;Connect / 375W
SoluxTec;DAS MODUL 300 / 300W
SoluxTec;Full Black / 330W
SoluxTec;PowerSlate 250 /250W
SoluxTec;ECOslate 140
SoluxTec;PowerSlate 260
Soluxtec;Multi Series 250 / 250W
SoluxTec;DAS MODUL 375 / 375W
SoluxTec;PowerSlate 290 / 290W
SoluxTec;PowerSlate 230
SoluxTec;PowerSlate 275 / 275W
SoluxTec;ECOslate 150
SoluxTec;PowerSlate 255
SOLVIS;SV60-300E
SOLVIS;picotop PT802
Sonnenstromfabrik;Excellent Glass M60 326 / 326W
Sonnenstromfabrik;Excellent Glass P60 250
Sonnenstromfabrik;Excellent Glass P60 260
Sonnex;SNX-D54HP / 390W
Sopray Solar;SR-185
Sopray Solar;SR-170
Sopray Solar;SR-180
Sovello;SV-T-200
Sovello;SV-T-205
Stefan Nau;Nau Power NP 140
stream solar;SE175M24/F
Sulfurcell;SCG 57-HV
Sulfurcell;SCG 60-HV
Sulfurcell;SCG 55-HV
SUN ENERGIE;SEE AS1 185
SUN ENERGIE;SEE AS1Â  180
SUN ENERGIE;SEE 240P-60-AS2
SUN ENERGY;SE-M-72  185
SUN ENERGY;SE-M-72  160
SUN ENERGY;SE-M-72  175
Sun Tech Solar;XTP 135-17A
Sun Tech Solar;XTP 180-34
SUN TECHNOLOGY;ST 250-M1
Sunage;SAM 60/6  250
Sunage;SAM54/6STD /200 W
Sunage;SAM 66/6 275
Sunage;SAM 66/6  250
Sunage;SAM 60/6  260
Sunage;SAM 66/6 285
Sunage;SAM 96/5  260
Sunasol;SLME 185
Sunasol;SLMI140
Sunasol;SLMS130
Sunearth;AX02V3 170Wc
Suneasy;185W
SUNERG;XM460300 /300W
SunFlower;SF 160 M
SunFlower;SF 175 M
Sunlink PV;SL 190-27 (200)
Sunlink PV;SL240-32 (250)
Sunlink PV;SL 160-24 (185)
Sunlink PV;SL 160-24 (180)
Sunny Swiss;SSM/X-72 (185)
Sunny Swiss;SSP 3000
SunnyPower;SPM180
SUNOLOGIE;HiE-S400VG /400W
SUNOLOGY;27 KGHORS LEST / 400W
Sunova Solar;SS300-60M / 300W
SunOwe;SF125x125-72-M / 160W
SunOwe;SF125x125-72-M / 180W
SunOwe;SF125x125-72-M / 165W
SunOwe;SF125x125-72-M(L) / 165W
SunOwe;SF125x125-72-M(L) / 185W
SunPower;E20 - SPR-327NE-WHT-D / 327W
SunPower;SPR-300-WHT-I
SunPower;MAXEON 3 / 400W
SunPower;SPR-MAX3-370-COM / 370W
SunPower;MAXEON 2 / 350W
SunPower;E18 BLK 300NE
SunPower;SPR-327NE
SunPower;SPR-245NE-WHT-I  / 245W
SunPower;SPR-245
SunPower;SPR-210N-WHT-I
SunPower;E20 - SPR-333NE-WHT-D / 333W
SunPower;E20-245
SunPower;E19 / 238
SunPower;SPR-315-WHT-D
SunPower;SPR-210-BLK
SunPower;SPR-210-WHT
SunPower;X21-SP-335 BLK
SunPower;P3 full black 375Wc / 375W
SunPower;SPR-225-WHT
SunPower;SPR-300E-BLK-D
SunPower;SPR-215-BLK
SunPower;SPR-220-BLK-I
SunPower;SPR-205-BLK
SunPower;E19 - SPR-320E-WHT-D / 320W
SunPower;E18/225
SunPower;SPR-225 -WHT
SunPower;SPR-200-BLK
SunPower;SPR-225E-BLK-D
SunPower;E19 / 318
SunPower;SPR-295
SunPower;SPR-240NE
SunPower;SPR-230-WHT-D
SunPower;E19-235
SunPower;X22-360 /360W
SunPower;MAXEON 5 AC / 420W
SunPower;E19-320
SunPower;SPR-MAX3-400-COM / 400W
SunPower;MAXEON 5 / 400W
SunPower;MAXEON 5 AC / 410W
SunPower;MAXEON 3 / 375W
SunPower;P19 / 320W
SunPower;X21 / 350W
SunPower;P19 Black / 320W
SunPower;MAXEON 5 / 415W
SunPower;SPR-P3-335-BLK / 335W
SunPower;MAXEON 5 AC / 415W
SunPower;MAXEON 5 / 410W
SunPower;P19 / 325W
SunPower;P19 Black / 325W
SunPower;MAXEON 3 / 370W
SunPower;MAXEON 2 / 360W
SunPower;SPR-P3-325-BLK / 325W
SunPower;SPR-P3-330-BLK / 330W
SunPower;P19 Black / 330W
SunPower;X21-SP-345
SunPower;MAXEON 3 / 395W
SunPower;SPR-2500M
SunPower;SPR-305-WHT-D
SunPower;SPR-MAX3-390-COM / 390W
SunPower;SPR-300NE-BLK-D
SUNPRO;SP375-120M HALF-CUT / 370W
SUNPRO;SP375-120M HALF-CUT / 375W
Sunrise;SR-M672300 / 300W
Sunrise;SR-M660250
Sunrise;SR-P6600330 / 330W
Sunset;AS 100HPC
Sunset;AS 1305
Sunset;PX 200/60
Sunset;AS 100 HP
Sunset;PX 180
Sunset;PX 210/60
Sunset;AS 185
Sunset;AS 170
SUNTECH;STP 180-18/Uc
SUNTECH;STP 185S-24/Ac
SUNTECH;STP180S-24/Ad
SUNTECH;STP 205-18/Ub
SUNTECH;STP185S-24/Ad
SUNTECH;STP 200S-18/Ub
SUNTECH;Just Roof MSZ-190
SUNTECH;STP 210-18/Ub
SUNTECH;STP200-18/Ud
SUNTECH;Just Roof MSZ-185
SUNTECH;STP 240-24/V
SUNTECH;STP 170S-24/Ac
SUNTECH;STP200-18/Ub-1
SUNTECH;STP 150-24B
SUNTECH;Just Roof MSZ-175B-C
SUNTECH;STP 160S-24B
SUNTECH;Just Roof MSZ-180D-C
SUNTECH;STP 180S-24/Ad
SUNTECH;STP270-24/Vd
SUNTECH;STP 250 (250 wc)
SUNTECH;STP 180S-18/Ub
SUNTECH;BLK STP175S-24/Ad
SUNTECH;STP 190S-18/Ub
SUNTECH;STP 180S-24/Aa
SUNTECH;STP 165-24/Aa
SUNTECH;BLKSTP175S-24/Ab-1
SUNTECH;STP STP210-18/Ub
SUNTECH;STP 175S-24/Ac
SUNTECH;Just Roof MSZ-180B-C
SUNTECH;STP 180-24/Ac
SUNTECH;PLUTO200-Ade
SUNTECH;STP 270-24/Vb
SUNTECH;STP 175-24/Ac
SUNTECH;STP175S-24/Ab-1
SUNTECH;STP 280-24/Vb
SUNTECH;STP 280S-24/Vb
SUNTECH;STP 300-MC4 evo2
SUNTECH;STP 170-24/Ac
SUNTECH;STP 190-18/Uc
SUNTECH;STP 080-12/Bb
SUNTECH;STP 110-12/Tc
SUNTECH;STP 190S-24/
SUNTECH;Just Roof MSZ-175D-C
SUNTECH;STP 260S-24/Vb
SUNTECH;STP 160-24/Ac
SUNTECH;STP 170S-18/Ub
SUNTECH;CAP060D
SUNTECH;STP 170S-24/Ab
SUNTECH;STP 240-24/Vb
SUNTECH;STP 260-24/Vb
SUNTECH;STP225-20/Wd
Suntechnics;STM 185 F
Suntechnics;STM 210 F
Suntechnics;STM 210 FBS
Suntechnics;ST 145 F
Sunways;SM 240 M / 240W
Sunways;SM 215 M (240Wc)
Sunways;SM 245 M / 245W
Sunways;SM 215 M (215Wp)
Sunways;SM 215 M (235Wc)
Sunways;SM 230 M (240Wp)
sunworx-solar;SUNWORX SW 230P
SUNY SYSTEM;SSP 185
SUNY SYSTEM;SSP 180
SY SOL;PV165
SY SOL;PV180
Symphony En.;SE-M 120
SyneXium;250
Synexium;PCM250B / 250W
SYSTAIC;130
system photonics;RTL-CS 95
system photonics;RTL-CS 90
system photonics;RTL CDW 45
SYSTOVI;R Volt 270
SYSTOVI;LAM245A53BM / 245W
SYSTOVI;SYSTO Etanche (SE-250)
SYSTOVI;R Volt 250
SYSTOVI;V-Sys Pro 300Wc 60c mono full black / 300W
SYSTOVI;SYSTO Etanche (SE-200)
SYSTOVI;SYSTO Etanche (SE-240)
SYSTOVI;SYSTO Etanche (SE-175)
SYSTOVI;SYSTO Etanche (SE-170)
SYSTOVI;SYSTO Etanche (SE-160)
SYSTOVI;V-Sys Pro 330Wc / 330W
SYSTOVI;SYSTO Etanche (SE-220)
SYSTOVI;SYSTO Etanche (SE-165)
Telecom-STV;TSM-100
Tenesol;TE 2000/200 Mono
Tenesol;TE 2000/210 Poly
Tenesol;TE 2000/200 Poly
Tenesol;TE 2200/250
Tenesol;TE 1300/130 Mono
Tenesol;Arsolar 260W Double
Tenesol;Arsolar 122W Simple
Tenesol;TE 2000/210 Mono
Tenesol;TE 2200/220
Tenesol;Arsolar 130W Simple
Tenesol;TE 1700/170
Tenesol;Arsolar 244W Double
Tenesol;TE 1300/120 Poly
Tenesol;TE 2000/190 Poly
Tenesol;TE 2200/210
Tenesol;TE 850 (85W)
Tenesol;TE 2200/230
Tenesol;TE 2000/190 Mono
Tenesol;TE 1700/150
Tenesol;TE 1300/135 Poly
Tenesol;TE 1300/120 Mono
Tenesol;TE 1700/160
Tenesol;TE 850 (80W)
Tenesol;TE 1850P
Tenesol;TE 2200/240
Tenesol;TE 250-60M
Tenesol;TE 1300/140 Mono
Terrasolar;TS 40
TESUN;TSM 180-72
THALEOS;THA250M60
THALEOS;THA300MA60
THALEOS;THA250P60
Thomson Energy;TPXP 250
Topper Sun;TS-M255B
Total Energie;TE 2000/210W Mono
Total Energie;TE 1250 (115W)
Total Energie;TE 2000/200W Poly
Total Energie;TE 2000/200W Mono
Total Energie;TE 1700 (170W)
Total Energie;TE 1300/130W Poly
Total Energie;TE 1500 (150W)
Total Energie;TE 1800 (190W)
Tournaire;TSE60M 250
Trimex Tesla;M-S36-53
TRINA SOLAR;TSM-PC05A / 260W
TRINA SOLAR;TSM-180DC01
TRINA SOLAR;TSM-405-DE09.08 / 405W
TRINA SOLAR;VERTEX S - DE09.08 Fond blanc / 400 W
TRINA SOLAR;VERTEX S - DE09.08 Black Frame / 400 W
TRINA SOLAR;TSM-165D
TRINA SOLAR;VERTEX S - DE09.05 Full Black / 390 W
TRINA SOLAR;TSM-DD05A.05 II / 310W
TRINA SOLAR;TSM-PD 05 / 275 W
TRINA SOLAR;TSM-DD05A.05 II / 305W
TRINA SOLAR;TSM-330DD06M / 330W
TRINA SOLAR;TSM-185DC01
TRINA SOLAR;TSM-160D
TRINA SOLAR;TSM-180D
TRINA SOLAR;TSM-PA05A / 245W
TRINA SOLAR;TSM-175D
TRINA SOLAR;TSM-175DC01
TRINA SOLAR;TSM-DE08M.08(II) / 380 W
TRINA SOLAR;TSM-DD05A.05 II / 275W
TRINA SOLAR;VERTEX S - DE09.08 Black Frame / 385 W
TRINA SOLAR;VERTEX S - DE09.05 Full Black / 395 W
TRINA SOLAR;TSM-370-DD08M / 370W
TRINA SOLAR;TSM-380-DE08M / 380W
TRINA SOLAR;TSM-PD 05 / 270 W
TRINA SOLAR;VERTEX S - DE09.05 Full Black / 380 W
TRINA SOLAR;TSM-DE08M.08(II) / 375 W
TRINA SOLAR;TSM-210
TRINA SOLAR;VERTEX S - DE09.08 Black Frame / 390 W
TRINA SOLAR;TSM-170D
TRINA SOLAR;VERTEX S - DE09.08 Black Frame / 395 W
TRINA SOLAR;TSM-DD05A.05 II / 300W
TRINA SOLAR;VERTEX S - DE09.05 Full Black / 385 W
TRINA SOLAR;TSM-PC05A / 250W
TRINA SOLAR;TSM-165DC01
TRINA SOLAR;TSM-170DC01
TRINA SOLAR;TSM-240PC05 / 240W
TRINA SOLAR;VERTEX S - DE09.08 Black Frame / 380 W
TRINA SOLAR;TSM-230D05
TRINA SOLAR;TSM-220P05
TRINA SOLAR;TSM-PD 05 / 280 W
TRINA SOLAR;TSM-DD05A.05 II / 280W
Ubbink;185
Ubbink;210
Ubbink;SLP 175
Ubbink;SLP 185P
UBINK;Atrium 180
UE Solar;ZHM185
UE Solar;ZHM180
Ulica;UL-175M35W
Ultimate solar;Generique / 250W
UNAH;Sol 250 / 250W
UNIMEN SOLAR;US250P-20
UNIMEN SOLAR;US260M-20
Unimetal;PVL-68
Unimetal;PVL-136
Union Solar;72M (185)
Unisolar;PVL-100 / 100W
Uni-Solar;ASR-120
Uni-Solar;PVL-68
Uni-Solar;PVL-136
Uni-Solar;PVL-144
Uni-Solar;SSR-256
Universal Energy;UE M5 Series (185Wc)
Universal Energy;UE M2 Series (140Wc)
Universal Energy;UE P2 Series (230Wc)
Universal Energy;UE M5 Series (200Wc)
UPSOLAR;UP-M155M
UPSOLAR;UP-M180M
UPSOLAR;UP-M185M
UPSOLAR;UP-M260P
UPSOLAR;UP-M250P
UPSOLAR;UP-M165M
UPSOLAR;UP-M175M
UPSOLAR;UP-M210M
UPSOLAR;UP-M230P
URE;Peach  335 / 335W
URECO;F2K335H7A / 335 W
USL;USP 230
Viessmann;Vitavolt 200 (160Wc)
Viessmann;Vitavolt 300  (320Wc)
Viessmann;Vitavolt 330 P285 AA  (285Wc)
Viessmann;Vitavolt 200 typ RK2 TP235SA (235)
Viessmann;Vitavolt 200 Typ RA2/RF2  (165Wc)
Viessmann;Vitavolt 300 Typ RC3  (250Wc)
VMH-ENERGIE;model 250-6-60P / 250W
VMH-ENERGIE;model 210-6-60P / 210W
Voltec Solar;Kit NERA - VSPN 250 / 250W
Voltec Solar;VSPS-230-60-A Poly
Voltec Solar;VMSM-240-60B Mono
Voltec Solar;Kit NERA - VSPN 214 / 214W
Voltec Solar;VMSM-245-60B Mono
Voltec Solar;VSPS-214-60-A Poly
Voltec Solar;VSMS  300-60
Voltec Solar;VSPS-220-60-A Poly
Voltec Solar;VMSM-1265-Tarka-monofacial / 390W
Voltec Solar;TARKA 60 - VSMS270 /300W
Voltec Solar;TARKA 60 - VSMS270 /290W
Voltec Solar;VMSM-1265-Tarka-monofacial / 385W
Voltec Solar;TARKA 60 - VSMS270 /285W
Voltec Solar;TARKA 60 - VSMS270 /270W
Voltec Solar;VMSM-235-60B Mono
Voltec Solar;VSMS  280-60
Voltec Solar;VSPS-210-60-A Poly
Voltus;180 Wc
Watt Home;WH185-M
Win Win Precision;Winaico WSP-230
Win Win Precision;Winaico WSP-250
WOLT TEKNOLOGY;PWM-185W
WORLWIDE ENERGY AND MANUFACTURING;180 Wc
Wurth Solar;WSG 0036 E080
Wurth Solar;WSG 00037 E075
Wurth Solar;WS 11007 / 75
Wurth Solar;WS 11007 / 80
Wurth Solar;WS 11007/70
Wurth Solar;WSG 0029 E075
Wurth Solar;WSG 0001 E075
Wurth-Solar;WS 31045
Wurth-Solar;WS 31044
Xgroup;X14
xi an Huanghe;HH230
Xi an Huanghe;HH250(30)
Xi an Huanghe;HH250(30) M / 250W
Yingli Solar;YL230Pb-2
Yingli Solar;260C-30b / 260W
Yingli Solar;YL185(23)P
Yingli Solar;YL185Pb-3
Yingli Solar;YL 245
Yingli Solar;YL210Pb-2
Yingli Solar;YL 210-29B
Yingli Solar;Full Blac 310W
Yingli Solar;YL250C-30 Black  / 250W
Yingli Solar;YL155(23)P
Yingli Solar;YL 220-29B
Yingli Solar;YL 235-29B
Yingli Solar;YL210(156)
Yingli Solar;YL230(156)
Yingli Solar;YL110 (156) / 110W
YOCASOL;PCA 210
YOCASOL;PCA 200
Yohkon;YE6220M
Yohkon;YE6245M
Yohkon;YEC200_125
Yohkon;YE6180M
Yohkon;YE6220P
ZG - Cells;ZG - 185 M / 185 W
Zhejiang RDM;RDM 300
Zhejiang ZG-Cells;ZG-250P
Zhejiang ZG-Cells;ZG-185M
Zhejiang ZG-Cells;ZG-240M
Zhongjing Solar;PMW 250
ZNShine;ZX180M
ZNShine;ZX 250M
ZNShine;ZX 255 / 255W
ZNShine;ZX 250
ZNShine;ZX230M
ZNShine;ZX185M
ZNShine;ZX205M
ZNShine;ZX5M 230 / 275W
ZYTECH;ZT185S (185wc)
ZYTECH;ZT240S (240wc)
ZYTECH;ZT180S (180wc)
ZYTECH;ZT 280P
ZYTECH;ZT210S (210wc)
ZYTECH;ZT160S (160wc)
ZYTECH;ZT125S (125wc)
